,timestamp,fromba,Power consumed locally (MWh)
0,2023-02-13,BPAT,7566
1,2023-02-13,CISO,2626
2,2023-02-13,TIDC,2839
3,2023-02-14,BPAT,2509
4,2023-02-14,CISO,5171
5,2023-02-14,TIDC,3549
6,2023-02-15,BPAT,0
7,2023-02-15,CISO,12617
8,2023-02-15,TIDC,4677
9,2023-02-16,BPAT,6048
10,2023-02-16,CISO,2756
11,2023-02-16,TIDC,2387
12,2023-02-17,BPAT,5520
13,2023-02-17,CISO,5586
14,2023-02-17,TIDC,1240
15,2023-02-18,BPAT,10510
16,2023-02-18,CISO,0
17,2023-02-18,TIDC,4005
18,2023-02-19,BPAT,16421
19,2023-02-19,CISO,0
20,2023-02-19,TIDC,4176
21,2023-02-20,BPAT,14764
22,2023-02-20,CISO,0
23,2023-02-20,TIDC,5330
24,2023-02-21,BPAT,10934
25,2023-02-21,CISO,0
26,2023-02-21,TIDC,4097
27,2023-02-22,BPAT,0
28,2023-02-22,CISO,8389
29,2023-02-22,TIDC,5601
30,2023-02-23,BPAT,0
31,2023-02-23,CISO,12077
32,2023-02-23,TIDC,5786
33,2023-02-24,BPAT,0
34,2023-02-24,CISO,9973
35,2023-02-24,TIDC,4791
36,2023-02-25,BPAT,0
37,2023-02-25,CISO,7440
38,2023-02-25,TIDC,2985
39,2023-02-26,BPAT,10722
40,2023-02-26,CISO,0
41,2023-02-26,TIDC,3701
42,2023-02-27,BPAT,7062
43,2023-02-27,CISO,2962
44,2023-02-27,TIDC,3162
45,2023-02-28,BPAT,0
46,2023-02-28,CISO,8680
47,2023-02-28,TIDC,3943
48,2023-03-01,BPAT,0
49,2023-03-01,CISO,1017
50,2023-03-01,TIDC,1822
51,2023-03-02,BPAT,7808
52,2023-03-02,CISO,0
53,2023-03-02,TIDC,1651
54,2023-03-03,BPAT,672
55,2023-03-03,CISO,0
56,2023-03-03,TIDC,2583
57,2023-03-04,BPAT,0
58,2023-03-04,CISO,2828
59,2023-03-04,TIDC,3016
60,2023-03-05,BPAT,0
61,2023-03-05,CISO,0
62,2023-03-05,TIDC,2720
63,2023-03-06,BPAT,0
64,2023-03-06,CISO,5828
65,2023-03-06,TIDC,0
66,2023-03-07,BPAT,0
67,2023-03-07,CISO,3448
68,2023-03-07,TIDC,0
69,2023-03-08,BPAT,0
70,2023-03-08,CISO,6547
71,2023-03-08,TIDC,51
72,2023-03-09,BPAT,1712
73,2023-03-09,CISO,0
74,2023-03-09,TIDC,0
75,2023-03-10,BPAT,1866
76,2023-03-10,CISO,0
77,2023-03-10,TIDC,0
78,2023-03-11,BPAT,798
79,2023-03-11,CISO,0
80,2023-03-11,TIDC,1034
81,2023-03-12,BPAT,0
82,2023-03-12,CISO,3646
83,2023-03-12,TIDC,1760
84,2023-03-13,BPAT,0
85,2023-03-13,CISO,0
86,2023-03-13,TIDC,1169
87,2023-03-14,BPAT,3
88,2023-03-14,CISO,0
89,2023-03-14,TIDC,921
90,2023-03-15,BPAT,747
91,2023-03-15,CISO,1146
92,2023-03-15,TIDC,1012
93,2023-03-16,BPAT,0
94,2023-03-16,CISO,1157
95,2023-03-16,TIDC,1613
96,2023-03-17,BPAT,0
97,2023-03-17,CISO,654
98,2023-03-17,TIDC,528
99,2023-03-18,BPAT,284
100,2023-03-18,CISO,0
101,2023-03-18,TIDC,0
102,2023-03-19,BPAT,2235
103,2023-03-19,CISO,0
104,2023-03-19,TIDC,0
105,2023-03-20,BPAT,0
106,2023-03-20,CISO,2762
107,2023-03-20,TIDC,416
108,2023-03-21,BPAT,4120
109,2023-03-21,CISO,0
110,2023-03-21,TIDC,1172
111,2023-03-22,BPAT,0
112,2023-03-22,CISO,3990
113,2023-03-22,TIDC,960
114,2023-03-23,BPAT,3408
115,2023-03-23,CISO,913
116,2023-03-23,TIDC,0
117,2023-03-24,BPAT,719
118,2023-03-24,CISO,7245
119,2023-03-24,TIDC,22
120,2023-03-25,BPAT,0
121,2023-03-25,CISO,12006
122,2023-03-25,TIDC,7
123,2023-03-26,BPAT,0
124,2023-03-26,CISO,15256
125,2023-03-26,TIDC,111
126,2023-03-27,BPAT,0
127,2023-03-27,CISO,15237
128,2023-03-27,TIDC,1913
129,2023-03-28,BPAT,0
130,2023-03-28,CISO,7613
131,2023-03-28,TIDC,1620
132,2023-03-29,BPAT,0
133,2023-03-29,CISO,11184
134,2023-03-29,TIDC,1917
135,2023-03-30,BPAT,5147
136,2023-03-30,CISO,1165
137,2023-03-30,TIDC,386
138,2023-03-31,BPAT,4626
139,2023-03-31,CISO,459
140,2023-03-31,TIDC,1374
141,2023-04-01,BPAT,584
142,2023-04-01,CISO,6697
143,2023-04-01,TIDC,36
144,2023-04-02,BPAT,0
145,2023-04-02,CISO,12338
146,2023-04-02,TIDC,764
147,2023-04-03,BPAT,0
148,2023-04-03,CISO,7636
149,2023-04-03,TIDC,1185
150,2023-04-04,BPAT,0
151,2023-04-04,CISO,3715
152,2023-04-04,TIDC,0
153,2023-04-05,BPAT,0
154,2023-04-05,CISO,2031
155,2023-04-05,TIDC,433
156,2023-04-06,BPAT,0
157,2023-04-06,CISO,0
158,2023-04-06,TIDC,1026
159,2023-04-07,BPAT,0
160,2023-04-07,CISO,12541
161,2023-04-07,TIDC,1877
162,2023-04-08,BPAT,0
163,2023-04-08,CISO,13695
164,2023-04-08,TIDC,1918
165,2023-04-09,BPAT,0
166,2023-04-09,CISO,12864
167,2023-04-09,TIDC,1087
168,2023-04-10,BPAT,0
169,2023-04-10,CISO,14779
170,2023-04-10,TIDC,0
171,2023-04-11,BPAT,0
172,2023-04-11,CISO,15808
173,2023-04-11,TIDC,0
174,2023-04-12,BPAT,0
175,2023-04-12,CISO,22714
176,2023-04-12,TIDC,0
177,2023-04-13,BPAT,0
178,2023-04-13,CISO,22756
179,2023-04-13,TIDC,0
180,2023-04-14,BPAT,0
181,2023-04-14,CISO,27215
182,2023-04-14,TIDC,0
183,2023-04-15,BPAT,0
184,2023-04-15,CISO,23787
185,2023-04-15,TIDC,0
186,2023-04-16,BPAT,0
187,2023-04-16,CISO,22025
188,2023-04-16,TIDC,0
189,2023-04-17,BPAT,0
190,2023-04-17,CISO,33443
191,2023-04-17,TIDC,0
192,2023-04-18,BPAT,0
193,2023-04-18,CISO,31489
194,2023-04-18,TIDC,0
195,2023-04-19,BPAT,0
196,2023-04-19,CISO,33140
197,2023-04-19,TIDC,0
198,2023-04-20,BPAT,0
199,2023-04-20,CISO,35770
200,2023-04-20,TIDC,0
201,2023-04-21,BPAT,0
202,2023-04-21,CISO,27296
203,2023-04-21,TIDC,0
204,2023-04-22,BPAT,0
205,2023-04-22,CISO,25289
206,2023-04-22,TIDC,0
207,2023-04-23,BPAT,0
208,2023-04-23,CISO,22108
209,2023-04-23,TIDC,0
210,2023-04-24,BPAT,0
211,2023-04-24,CISO,6619
212,2023-04-24,TIDC,0
213,2023-04-25,BPAT,0
214,2023-04-25,CISO,13551
215,2023-04-25,TIDC,0
216,2023-04-26,BPAT,0
217,2023-04-26,CISO,11186
218,2023-04-26,TIDC,0
219,2023-04-27,BPAT,0
220,2023-04-27,CISO,12008
221,2023-04-27,TIDC,0
222,2023-04-28,BPAT,0
223,2023-04-28,CISO,15199
224,2023-04-28,TIDC,0
225,2023-04-29,BPAT,0
226,2023-04-29,CISO,11839
227,2023-04-29,TIDC,0
228,2023-04-30,BPAT,4043
229,2023-04-30,CISO,0
230,2023-04-30,TIDC,0
231,2023-05-01,BPAT,11971
232,2023-05-01,CISO,0
233,2023-05-01,TIDC,0
234,2023-05-02,BPAT,10117
235,2023-05-02,CISO,0
236,2023-05-02,TIDC,0
237,2023-05-03,BPAT,18131
238,2023-05-03,CISO,0
239,2023-05-03,TIDC,0
240,2023-05-04,BPAT,28275
241,2023-05-04,CISO,0
242,2023-05-04,TIDC,0
243,2023-05-05,BPAT,24051
244,2023-05-05,CISO,0
245,2023-05-05,TIDC,0
246,2023-05-06,BPAT,20512
247,2023-05-06,CISO,0
248,2023-05-06,TIDC,0
249,2023-05-07,BPAT,15990
250,2023-05-07,CISO,0
251,2023-05-07,TIDC,0
252,2023-05-08,BPAT,11808
253,2023-05-08,CISO,0
254,2023-05-08,TIDC,1521
255,2023-05-09,BPAT,16453
256,2023-05-09,CISO,0
257,2023-05-09,TIDC,1124
258,2023-05-10,BPAT,11615
259,2023-05-10,CISO,0
260,2023-05-10,TIDC,2519
261,2023-05-11,BPAT,9379
262,2023-05-11,CISO,0
263,2023-05-11,TIDC,4513
264,2023-05-12,BPAT,15361
265,2023-05-12,CISO,0
266,2023-05-12,TIDC,2865
267,2023-05-13,BPAT,17558
268,2023-05-13,CISO,0
269,2023-05-13,TIDC,3692
270,2023-05-14,BPAT,15701
271,2023-05-14,CISO,0
272,2023-05-14,TIDC,2424
273,2023-05-15,BPAT,16815
274,2023-05-15,CISO,0
275,2023-05-15,TIDC,2215
276,2023-05-16,BPAT,26786
277,2023-05-16,CISO,0
278,2023-05-16,TIDC,2111
279,2023-05-17,BPAT,24577
280,2023-05-17,CISO,0
281,2023-05-17,TIDC,1655
282,2023-05-18,BPAT,25008
283,2023-05-18,CISO,0
284,2023-05-18,TIDC,1933
285,2023-05-19,BPAT,23129
286,2023-05-19,CISO,0
287,2023-05-19,TIDC,1453
288,2023-05-20,BPAT,18236
289,2023-05-20,CISO,0
290,2023-05-20,TIDC,243
291,2023-05-21,BPAT,27357
292,2023-05-21,CISO,0
293,2023-05-21,TIDC,58
294,2023-05-22,BPAT,36796
295,2023-05-22,CISO,0
296,2023-05-22,TIDC,0
297,2023-05-23,BPAT,28524
298,2023-05-23,CISO,0
299,2023-05-23,TIDC,0
300,2023-05-24,BPAT,24269
301,2023-05-24,CISO,0
302,2023-05-24,TIDC,1624
303,2023-05-25,BPAT,17730
304,2023-05-25,CISO,0
305,2023-05-25,TIDC,2308
306,2023-05-26,BPAT,14737
307,2023-05-26,CISO,0
308,2023-05-26,TIDC,2655
309,2023-05-27,BPAT,12859
310,2023-05-27,CISO,0
311,2023-05-27,TIDC,2931
312,2023-05-28,BPAT,16600
313,2023-05-28,CISO,0
314,2023-05-28,TIDC,2096
315,2023-05-29,BPAT,12160
316,2023-05-29,CISO,0
317,2023-05-29,TIDC,1199
318,2023-05-30,BPAT,18238
319,2023-05-30,CISO,0
320,2023-05-30,TIDC,1004
321,2023-05-31,BPAT,15136
322,2023-05-31,CISO,0
323,2023-05-31,TIDC,2522
324,2023-06-01,BPAT,5963
325,2023-06-01,CISO,0
326,2023-06-01,TIDC,3855
327,2023-06-02,BPAT,9215
328,2023-06-02,CISO,0
329,2023-06-02,TIDC,3828
330,2023-06-03,BPAT,4510
331,2023-06-03,CISO,0
332,2023-06-03,TIDC,5370
333,2023-06-04,BPAT,1874
334,2023-06-04,CISO,3431
335,2023-06-04,TIDC,6295
336,2023-06-05,BPAT,0
337,2023-06-05,CISO,7174
338,2023-06-05,TIDC,3142
339,2023-06-06,BPAT,0
340,2023-06-06,CISO,4567
341,2023-06-06,TIDC,3740
342,2023-06-07,BPAT,0
343,2023-06-07,CISO,11259
344,2023-06-07,TIDC,3896
345,2023-06-08,BPAT,0
346,2023-06-08,CISO,2657
347,2023-06-08,TIDC,5905
348,2023-06-09,BPAT,0
349,2023-06-09,CISO,5732
350,2023-06-09,TIDC,5012
351,2023-06-10,BPAT,0
352,2023-06-10,CISO,2931
353,2023-06-10,TIDC,4762
354,2023-06-11,BPAT,0
355,2023-06-11,CISO,6468
356,2023-06-11,TIDC,5146
357,2023-06-12,BPAT,0
358,2023-06-12,CISO,5810
359,2023-06-12,TIDC,6623
360,2023-06-13,BPAT,12204
361,2023-06-13,CISO,0
362,2023-06-13,TIDC,2440
363,2023-06-14,BPAT,23623
364,2023-06-14,CISO,0
365,2023-06-14,TIDC,1382
366,2023-06-15,BPAT,10102
367,2023-06-15,CISO,175
368,2023-06-15,TIDC,3466
369,2023-06-16,BPAT,9234
370,2023-06-16,CISO,0
371,2023-06-16,TIDC,4180
372,2023-06-17,BPAT,14295
373,2023-06-17,CISO,0
374,2023-06-17,TIDC,2777
375,2023-06-18,BPAT,14400
376,2023-06-18,CISO,0
377,2023-06-18,TIDC,3923
378,2023-06-19,BPAT,9549
379,2023-06-19,CISO,0
380,2023-06-19,TIDC,4624
381,2023-06-20,BPAT,4574
382,2023-06-20,CISO,0
383,2023-06-20,TIDC,7289
384,2023-06-21,BPAT,0
385,2023-06-21,CISO,0
386,2023-06-21,TIDC,8039
387,2023-06-22,BPAT,0
388,2023-06-22,CISO,0
389,2023-06-22,TIDC,7188
390,2023-06-23,BPAT,0
391,2023-06-23,CISO,0
392,2023-06-23,TIDC,6911
393,2023-06-24,BPAT,2629
394,2023-06-24,CISO,0
395,2023-06-24,TIDC,4747
396,2023-06-25,BPAT,0
397,2023-06-25,CISO,0
398,2023-06-25,TIDC,5385
399,2023-06-26,BPAT,835
400,2023-06-26,CISO,0
401,2023-06-26,TIDC,6616
402,2023-06-27,BPAT,1853
403,2023-06-27,CISO,0
404,2023-06-27,TIDC,6974
405,2023-06-28,BPAT,0
406,2023-06-28,CISO,0
407,2023-06-28,TIDC,8412
408,2023-06-29,BPAT,0
409,2023-06-29,CISO,0
410,2023-06-29,TIDC,7972
411,2023-06-30,BPAT,4012
412,2023-06-30,CISO,432
413,2023-06-30,TIDC,5190
414,2023-07-01,BPAT,12633
415,2023-07-01,CISO,0
416,2023-07-01,TIDC,4094
417,2023-07-02,BPAT,0
418,2023-07-02,CISO,6208
419,2023-07-02,TIDC,6398
420,2023-07-03,BPAT,0
421,2023-07-03,CISO,9887
422,2023-07-03,TIDC,4125
423,2023-07-04,BPAT,0
424,2023-07-04,CISO,5680
425,2023-07-04,TIDC,5530
426,2023-07-05,BPAT,0
427,2023-07-05,CISO,10541
428,2023-07-05,TIDC,5200
429,2023-07-06,BPAT,0
430,2023-07-06,CISO,6098
431,2023-07-06,TIDC,6976
432,2023-07-07,BPAT,0
433,2023-07-07,CISO,1175
434,2023-07-07,TIDC,6066
435,2023-07-08,BPAT,0
436,2023-07-08,CISO,2112
437,2023-07-08,TIDC,6756
438,2023-07-09,BPAT,0
439,2023-07-09,CISO,1360
440,2023-07-09,TIDC,6669
441,2023-07-10,BPAT,8866
442,2023-07-10,CISO,0
443,2023-07-10,TIDC,3000
444,2023-07-11,BPAT,12754
445,2023-07-11,CISO,0
446,2023-07-11,TIDC,3392
447,2023-07-12,BPAT,12619
448,2023-07-12,CISO,0
449,2023-07-12,TIDC,3785
450,2023-07-13,BPAT,6236
451,2023-07-13,CISO,0
452,2023-07-13,TIDC,5297
453,2023-07-14,BPAT,0
454,2023-07-14,CISO,4883
455,2023-07-14,TIDC,4704
456,2023-07-15,BPAT,0
457,2023-07-15,CISO,4540
458,2023-07-15,TIDC,5017
459,2023-07-16,BPAT,922
460,2023-07-16,CISO,2327
461,2023-07-16,TIDC,4476
462,2023-07-17,BPAT,11887
463,2023-07-17,CISO,269
464,2023-07-17,TIDC,1067
465,2023-07-18,BPAT,0
466,2023-07-18,CISO,5285
467,2023-07-18,TIDC,2427
468,2023-07-19,BPAT,0
469,2023-07-19,CISO,7150
470,2023-07-19,TIDC,2416
471,2023-07-20,BPAT,0
472,2023-07-20,CISO,5838
473,2023-07-20,TIDC,3049
474,2023-07-21,BPAT,6254
475,2023-07-21,CISO,1482
476,2023-07-21,TIDC,2226
477,2023-07-22,BPAT,4978
478,2023-07-22,CISO,1694
479,2023-07-22,TIDC,2327
480,2023-07-23,BPAT,2721
481,2023-07-23,CISO,11
482,2023-07-23,TIDC,1340
483,2023-07-24,BPAT,8559
484,2023-07-24,CISO,0
485,2023-07-24,TIDC,0
486,2023-07-25,BPAT,8897
487,2023-07-25,CISO,0
488,2023-07-25,TIDC,0
489,2023-07-26,BPAT,1660
490,2023-07-26,CISO,0
491,2023-07-26,TIDC,1504
492,2023-07-27,BPAT,3242
493,2023-07-27,CISO,0
494,2023-07-27,TIDC,287
495,2023-07-28,BPAT,529
496,2023-07-28,CISO,0
497,2023-07-28,TIDC,0
498,2023-07-29,BPAT,3869
499,2023-07-29,CISO,219
500,2023-07-29,TIDC,0
501,2023-07-30,BPAT,6141
502,2023-07-30,CISO,0
503,2023-07-30,TIDC,555
504,2023-07-31,BPAT,0
505,2023-07-31,CISO,0
506,2023-07-31,TIDC,1799
507,2023-08-01,BPAT,0
508,2023-08-01,CISO,0
509,2023-08-01,TIDC,1850
510,2023-08-02,BPAT,0
511,2023-08-02,CISO,0
512,2023-08-02,TIDC,1755
513,2023-08-03,BPAT,0
514,2023-08-03,CISO,3053
515,2023-08-03,TIDC,1481
516,2023-08-04,BPAT,486
517,2023-08-04,CISO,3428
518,2023-08-04,TIDC,3241
519,2023-08-05,BPAT,165
520,2023-08-05,CISO,653
521,2023-08-05,TIDC,5133
522,2023-08-06,BPAT,4194
523,2023-08-06,CISO,5283
524,2023-08-06,TIDC,6172
525,2023-08-07,BPAT,3978
526,2023-08-07,CISO,6907
527,2023-08-07,TIDC,5902
528,2023-08-08,BPAT,1920
529,2023-08-08,CISO,1430
530,2023-08-08,TIDC,3584
531,2023-08-09,BPAT,17220
532,2023-08-09,CISO,0
533,2023-08-09,TIDC,2704
534,2023-08-10,BPAT,24812
535,2023-08-10,CISO,0
536,2023-08-10,TIDC,1115
537,2023-08-11,BPAT,18473
538,2023-08-11,CISO,0
539,2023-08-11,TIDC,3607
540,2023-08-12,BPAT,8204
541,2023-08-12,CISO,0
542,2023-08-12,TIDC,6028
543,2023-08-13,BPAT,0
544,2023-08-13,CISO,4745
545,2023-08-13,TIDC,6729
546,2023-08-14,BPAT,0
547,2023-08-14,CISO,5781
548,2023-08-14,TIDC,6176
549,2023-08-15,BPAT,2657
550,2023-08-15,CISO,4107
551,2023-08-15,TIDC,4745
552,2023-08-16,BPAT,9015
553,2023-08-16,CISO,147
554,2023-08-16,TIDC,2568
555,2023-08-17,BPAT,13964
556,2023-08-17,CISO,670
557,2023-08-17,TIDC,2012
558,2023-08-18,BPAT,27338
559,2023-08-18,CISO,0
560,2023-08-18,TIDC,0
561,2023-08-19,BPAT,15558
562,2023-08-19,CISO,0
563,2023-08-19,TIDC,1569
564,2023-08-20,BPAT,14327
565,2023-08-20,CISO,0
566,2023-08-20,TIDC,1852
567,2023-08-21,BPAT,11042
568,2023-08-21,CISO,0
569,2023-08-21,TIDC,3192
570,2023-08-22,BPAT,21081
571,2023-08-22,CISO,0
572,2023-08-22,TIDC,2432
573,2023-08-23,BPAT,19949
574,2023-08-23,CISO,0
575,2023-08-23,TIDC,3525
576,2023-08-24,BPAT,19775
577,2023-08-24,CISO,0
578,2023-08-24,TIDC,1488
579,2023-08-25,BPAT,9559
580,2023-08-25,CISO,0
581,2023-08-25,TIDC,206
582,2023-08-26,BPAT,7769
583,2023-08-26,CISO,0
584,2023-08-26,TIDC,1961
585,2023-08-27,BPAT,1384
586,2023-08-27,CISO,0
587,2023-08-27,TIDC,2988
588,2023-08-28,BPAT,6698
589,2023-08-28,CISO,634
590,2023-08-28,TIDC,1950
591,2023-08-29,BPAT,24290
592,2023-08-29,CISO,0
593,2023-08-29,TIDC,0
594,2023-08-30,BPAT,29810
595,2023-08-30,CISO,0
596,2023-08-30,TIDC,0
597,2023-08-31,BPAT,20730
598,2023-08-31,CISO,0
599,2023-08-31,TIDC,1734
600,2023-09-01,BPAT,7785
601,2023-09-01,CISO,0
602,2023-09-01,TIDC,2300
603,2023-09-02,BPAT,12182
604,2023-09-02,CISO,0
605,2023-09-02,TIDC,2030
606,2023-09-03,BPAT,17939
607,2023-09-03,CISO,0
608,2023-09-03,TIDC,2131
609,2023-09-04,BPAT,21392
610,2023-09-04,CISO,0
611,2023-09-04,TIDC,3238
612,2023-09-05,BPAT,12896
613,2023-09-05,CISO,0
614,2023-09-05,TIDC,4635
615,2023-09-06,BPAT,8824
616,2023-09-06,CISO,0
617,2023-09-06,TIDC,3124
618,2023-09-07,BPAT,6222
619,2023-09-07,CISO,0
620,2023-09-07,TIDC,2885
621,2023-09-08,BPAT,2976
622,2023-09-08,CISO,0
623,2023-09-08,TIDC,3446
624,2023-09-09,BPAT,43
625,2023-09-09,CISO,0
626,2023-09-09,TIDC,3954
627,2023-09-10,BPAT,1554
628,2023-09-10,CISO,0
629,2023-09-10,TIDC,3769
630,2023-09-11,BPAT,6106
631,2023-09-11,CISO,0
632,2023-09-11,TIDC,2354
633,2023-09-12,BPAT,11316
634,2023-09-12,CISO,0
635,2023-09-12,TIDC,2783
636,2023-09-13,BPAT,3508
637,2023-09-13,CISO,1570
638,2023-09-13,TIDC,4627
639,2023-09-14,BPAT,0
640,2023-09-14,CISO,1276
641,2023-09-14,TIDC,5227
642,2023-09-15,BPAT,0
643,2023-09-15,CISO,4605
644,2023-09-15,TIDC,5315
645,2023-09-16,BPAT,0
646,2023-09-16,CISO,1522
647,2023-09-16,TIDC,4768
648,2023-09-17,BPAT,8679
649,2023-09-17,CISO,0
650,2023-09-17,TIDC,3634
651,2023-09-18,BPAT,13939
652,2023-09-18,CISO,0
653,2023-09-18,TIDC,4354
654,2023-09-19,BPAT,9474
655,2023-09-19,CISO,0
656,2023-09-19,TIDC,5441
657,2023-09-20,BPAT,5743
658,2023-09-20,CISO,0
659,2023-09-20,TIDC,5398
660,2023-09-21,BPAT,0
661,2023-09-21,CISO,0
662,2023-09-21,TIDC,6307
663,2023-09-22,BPAT,0
664,2023-09-22,CISO,3201
665,2023-09-22,TIDC,6069
666,2023-09-23,BPAT,0
667,2023-09-23,CISO,0
668,2023-09-23,TIDC,6088
669,2023-09-24,BPAT,0
670,2023-09-24,CISO,0
671,2023-09-24,TIDC,5184
672,2023-09-25,BPAT,0
673,2023-09-25,CISO,1503
674,2023-09-25,TIDC,6393
675,2023-09-26,BPAT,0
676,2023-09-26,CISO,7743
677,2023-09-26,TIDC,5526
678,2023-09-27,BPAT,0
679,2023-09-27,CISO,3860
680,2023-09-27,TIDC,5366
681,2023-09-28,BPAT,4165
682,2023-09-28,CISO,0
683,2023-09-28,TIDC,6073
684,2023-09-29,BPAT,0
685,2023-09-29,CISO,3901
686,2023-09-29,TIDC,5336
687,2023-09-30,BPAT,925
688,2023-09-30,CISO,0
689,2023-09-30,TIDC,5692
690,2023-10-01,BPAT,39
691,2023-10-01,CISO,0
692,2023-10-01,TIDC,5381
693,2023-10-02,BPAT,83
694,2023-10-02,CISO,3336
695,2023-10-02,TIDC,6881
696,2023-10-03,BPAT,65
697,2023-10-03,CISO,585
698,2023-10-03,TIDC,6788
699,2023-10-04,BPAT,3255
700,2023-10-04,CISO,2648
701,2023-10-04,TIDC,5458
702,2023-10-05,BPAT,1060
703,2023-10-05,CISO,290
704,2023-10-05,TIDC,5963
705,2023-10-06,BPAT,0
706,2023-10-06,CISO,584
707,2023-10-06,TIDC,6099
708,2023-10-07,BPAT,18
709,2023-10-07,CISO,1756
710,2023-10-07,TIDC,6329
711,2023-10-08,BPAT,2327
712,2023-10-08,CISO,3545
713,2023-10-08,TIDC,5036
714,2023-10-09,BPAT,4205
715,2023-10-09,CISO,0
716,2023-10-09,TIDC,4613
717,2023-10-10,BPAT,516
718,2023-10-10,CISO,10727
719,2023-10-10,TIDC,334
720,2023-10-11,BPAT,3617
721,2023-10-11,CISO,7863
722,2023-10-11,TIDC,0
723,2023-10-12,BPAT,0
724,2023-10-12,CISO,7588
725,2023-10-12,TIDC,0
726,2023-10-13,BPAT,0
727,2023-10-13,CISO,5659
728,2023-10-13,TIDC,0
729,2023-10-14,BPAT,0
730,2023-10-14,CISO,7532
731,2023-10-14,TIDC,0
732,2023-10-15,BPAT,0
733,2023-10-15,CISO,3288
734,2023-10-15,TIDC,185
735,2023-10-16,BPAT,0
736,2023-10-16,CISO,9428
737,2023-10-16,TIDC,0
738,2023-10-17,BPAT,4207
739,2023-10-17,CISO,8338
740,2023-10-17,TIDC,0
741,2023-10-18,BPAT,0
742,2023-10-18,CISO,10307
743,2023-10-18,TIDC,0
744,2023-10-19,BPAT,0
745,2023-10-19,CISO,10649
746,2023-10-19,TIDC,0
747,2023-10-20,BPAT,0
748,2023-10-20,CISO,9819
749,2023-10-20,TIDC,0
750,2023-10-21,BPAT,0
751,2023-10-21,CISO,10839
752,2023-10-21,TIDC,0
753,2023-10-22,BPAT,0
754,2023-10-22,CISO,9046
755,2023-10-22,TIDC,0
756,2023-10-23,TIDC,0
757,2023-10-24,BPAT,0
758,2023-10-24,CISO,15714
759,2023-10-24,TIDC,0
760,2023-10-25,BPAT,0
761,2023-10-25,CISO,18553
762,2023-10-25,TIDC,0
763,2023-10-26,BPAT,0
764,2023-10-26,CISO,17605
765,2023-10-26,TIDC,0
766,2023-10-27,BPAT,0
767,2023-10-27,CISO,15787
768,2023-10-27,TIDC,610
769,2023-10-28,BPAT,0
770,2023-10-28,CISO,7126
771,2023-10-28,TIDC,7395
772,2023-10-29,BPAT,0
773,2023-10-29,CISO,5474
774,2023-10-29,TIDC,7194
775,2023-10-30,BPAT,0
776,2023-10-30,CISO,20272
777,2023-10-30,TIDC,0
778,2023-10-31,BPAT,0
779,2023-10-31,CISO,22690
780,2023-10-31,TIDC,0
781,2023-11-01,BPAT,0
782,2023-11-03,BPAT,19080
783,2023-11-03,CISO,0
784,2023-11-04,BPAT,22940
785,2023-11-04,CISO,0
786,2023-11-05,BPAT,22940
787,2023-11-05,CISO,0
788,2023-11-08,BPAT,15898
789,2023-11-08,CISO,661
790,2023-11-08,TIDC,0
791,2023-11-09,BPAT,5687
792,2023-11-09,CISO,7568
793,2023-11-09,TIDC,0
794,2023-11-10,BPAT,25260
795,2023-11-10,CISO,0
796,2023-11-10,TIDC,0
797,2023-11-11,BPAT,29764
798,2023-11-11,CISO,0
799,2023-11-11,TIDC,0
800,2023-11-12,BPAT,20311
801,2023-11-12,CISO,0
802,2023-11-12,TIDC,0
803,2023-11-13,BPAT,25446
804,2023-11-13,CISO,0
805,2023-11-13,TIDC,0
806,2023-11-14,BPAT,0
807,2023-11-14,CISO,21639
808,2023-11-14,TIDC,0
809,2023-11-15,BPAT,0
810,2023-11-15,CISO,16826
811,2023-11-15,TIDC,228
812,2023-11-16,BPAT,1922
813,2023-11-16,CISO,9911
814,2023-11-16,TIDC,0
815,2023-11-17,BPAT,364
816,2023-11-17,CISO,15407
817,2023-11-17,TIDC,0
818,2023-11-18,BPAT,0
819,2023-11-18,CISO,26607
820,2023-11-18,TIDC,0
821,2023-11-19,BPAT,18967
822,2023-11-19,CISO,0
823,2023-11-19,TIDC,0
824,2023-11-20,BPAT,0
825,2023-11-20,CISO,22387
826,2023-11-20,TIDC,0
827,2023-11-21,BPAT,0
828,2023-11-21,CISO,21915
829,2023-11-21,TIDC,0
830,2023-11-22,BPAT,0
831,2023-11-22,CISO,7807
832,2023-11-22,TIDC,0
833,2023-11-23,BPAT,0
834,2023-11-23,CISO,17290
835,2023-11-23,TIDC,0
836,2023-11-24,BPAT,0
837,2023-11-24,CISO,24424
838,2023-11-24,TIDC,0
839,2023-11-25,BPAT,0
840,2023-11-25,CISO,26674
841,2023-11-25,TIDC,0
842,2023-11-26,BPAT,0
843,2023-11-26,CISO,23394
844,2023-11-26,TIDC,43
845,2023-11-27,BPAT,0
846,2023-11-27,CISO,23416
847,2023-11-27,TIDC,0
848,2023-11-28,BPAT,0
849,2023-11-28,CISO,24708
850,2023-11-28,TIDC,0
851,2023-11-29,BPAT,0
852,2023-11-29,CISO,22563
853,2023-11-29,TIDC,469
854,2023-11-30,BPAT,0
855,2023-11-30,CISO,26906
856,2023-11-30,TIDC,0
857,2023-12-01,BPAT,0
858,2023-12-01,CISO,12645
859,2023-12-01,TIDC,0
860,2023-12-02,BPAT,286
861,2023-12-02,CISO,5134
862,2023-12-02,TIDC,0
863,2023-12-03,BPAT,0
864,2023-12-03,CISO,6327
865,2023-12-03,TIDC,0
866,2023-12-04,BPAT,0
867,2023-12-04,CISO,3631
868,2023-12-04,TIDC,137
869,2023-12-05,BPAT,0
870,2023-12-05,CISO,5324
871,2023-12-05,TIDC,0
872,2023-12-06,BPAT,0
873,2023-12-06,CISO,5391
874,2023-12-06,TIDC,0
875,2023-12-07,BPAT,3866
876,2023-12-07,CISO,5730
877,2023-12-07,TIDC,0
878,2023-12-08,BPAT,972
879,2023-12-08,CISO,8271
880,2023-12-08,TIDC,0
881,2023-12-09,BPAT,0
882,2023-12-09,CISO,15665
883,2023-12-09,TIDC,0
884,2023-12-10,BPAT,2050
885,2023-12-10,CISO,4895
886,2023-12-10,TIDC,0
887,2023-12-11,BPAT,0
888,2023-12-11,CISO,10256
889,2023-12-11,TIDC,0
890,2023-12-12,BPAT,200
891,2023-12-12,CISO,8840
892,2023-12-12,TIDC,0
893,2023-12-13,BPAT,1654
894,2023-12-13,CISO,4475
895,2023-12-13,TIDC,0
896,2023-12-14,BPAT,2386
897,2023-12-14,CISO,3299
898,2023-12-14,TIDC,0
899,2023-12-15,BPAT,0
900,2023-12-15,CISO,4198
901,2023-12-15,TIDC,0
902,2023-12-16,BPAT,0
903,2023-12-16,CISO,1894
904,2023-12-16,TIDC,0
905,2023-12-17,BPAT,0
906,2023-12-17,CISO,4365
907,2023-12-17,TIDC,0
908,2023-12-18,BPAT,350
909,2023-12-18,CISO,3570
910,2023-12-18,TIDC,0
911,2023-12-19,BPAT,814
912,2023-12-19,CISO,0
913,2023-12-19,TIDC,0
914,2023-12-20,BPAT,4167
915,2023-12-20,CISO,0
916,2023-12-20,TIDC,0
917,2023-12-21,BPAT,2307
918,2023-12-21,CISO,508
919,2023-12-21,TIDC,0
920,2023-12-22,BPAT,12030
921,2023-12-22,CISO,0
922,2023-12-22,TIDC,0
923,2023-12-23,BPAT,593
924,2023-12-23,CISO,10041
925,2023-12-23,TIDC,0
926,2023-12-24,BPAT,0
927,2023-12-24,CISO,1888
928,2023-12-24,TIDC,0
929,2023-12-25,BPAT,440
930,2023-12-25,CISO,0
931,2023-12-25,TIDC,0
932,2023-12-26,BPAT,7749
933,2023-12-26,CISO,1581
934,2023-12-26,TIDC,0
935,2023-12-27,BPAT,6078
936,2023-12-27,CISO,1330
937,2023-12-27,TIDC,0
938,2023-12-28,BPAT,4856
939,2023-12-28,CISO,0
940,2023-12-28,TIDC,0
941,2023-12-29,BPAT,2683
942,2023-12-29,CISO,0
943,2023-12-29,TIDC,0
944,2023-12-30,BPAT,0
945,2023-12-30,CISO,6837
946,2023-12-30,TIDC,0
947,2023-12-31,BPAT,660
948,2023-12-31,CISO,8933
949,2023-12-31,TIDC,0
950,2024-01-01,BPAT,0
951,2024-01-01,CISO,13380
952,2024-01-01,TIDC,0
953,2024-01-02,BPAT,0
954,2024-01-02,CISO,18260
955,2024-01-02,TIDC,0
956,2024-01-03,BPAT,0
957,2024-01-03,CISO,20727
958,2024-01-03,TIDC,0
959,2024-01-04,BPAT,0
960,2024-01-04,CISO,9768
961,2024-01-04,TIDC,0
962,2024-01-05,BPAT,2655
963,2024-01-05,CISO,2687
964,2024-01-05,TIDC,0
965,2024-01-06,BPAT,8768
966,2024-01-06,CISO,0
967,2024-01-06,TIDC,0
968,2024-01-07,BPAT,0
969,2024-01-07,CISO,13356
970,2024-01-07,TIDC,0
971,2024-01-08,BPAT,0
972,2024-01-08,CISO,7779
973,2024-01-08,TIDC,786
974,2024-01-09,BPAT,2615
975,2024-01-09,CISO,5846
976,2024-01-09,TIDC,0
977,2024-01-13,BPAT,0
978,2024-01-13,CISO,29515
979,2024-01-13,TIDC,0
980,2024-01-14,BPAT,0
981,2024-01-14,CISO,25204
982,2024-01-14,TIDC,803
983,2024-01-15,BPAT,0
984,2024-01-15,CISO,22074
985,2024-01-15,TIDC,710
986,2024-01-16,BPAT,0
987,2024-01-16,CISO,22083
988,2024-01-16,TIDC,0
989,2024-01-17,BPAT,0
990,2024-01-17,CISO,18763
991,2024-01-17,TIDC,0
992,2024-01-18,BPAT,0
993,2024-01-18,CISO,20431
994,2024-01-18,TIDC,41
995,2024-01-19,BPAT,0
996,2024-01-19,CISO,15008
997,2024-01-19,TIDC,628
998,2024-01-20,BPAT,0
999,2024-01-20,CISO,10180
1000,2024-01-20,TIDC,183
1001,2024-01-21,BPAT,0
1002,2024-01-21,CISO,13790
1003,2024-01-21,TIDC,0
1004,2024-01-22,BPAT,0
1005,2024-01-22,CISO,6890
1006,2024-01-22,TIDC,161
1007,2024-01-23,BPAT,0
1008,2024-01-23,CISO,10236
1009,2024-01-23,TIDC,0
1010,2024-01-24,BPAT,0
1011,2024-01-24,CISO,8550
1012,2024-01-24,TIDC,288
1013,2024-01-25,BPAT,0
1014,2024-01-25,CISO,12365
1015,2024-01-25,TIDC,0
1016,2024-01-26,BPAT,0
1017,2024-01-26,CISO,11631
1018,2024-01-26,TIDC,0
1019,2024-01-27,BPAT,0
1020,2024-01-27,CISO,11341
1021,2024-01-27,TIDC,0
1022,2024-01-28,BPAT,6126
1023,2024-01-28,CISO,816
1024,2024-01-28,TIDC,0
1025,2024-01-29,BPAT,4811
1026,2024-01-29,CISO,0
1027,2024-01-29,TIDC,0
1028,2024-01-30,BPAT,14249
1029,2024-01-30,CISO,0
1030,2024-01-30,TIDC,0
1031,2024-01-31,BPAT,12573
1032,2024-01-31,CISO,0
1033,2024-01-31,TIDC,0
1034,2024-02-01,BPAT,3228
1035,2024-02-01,CISO,0
1036,2024-02-01,TIDC,0
1037,2024-02-02,BPAT,1128
1038,2024-02-02,CISO,0
1039,2024-02-02,TIDC,0
1040,2024-02-03,BPAT,5817
1041,2024-02-03,CISO,0
1042,2024-02-03,TIDC,0
1043,2024-02-04,BPAT,0
1044,2024-02-04,CISO,1016
1045,2024-02-04,TIDC,0
1046,2024-02-05,BPAT,0
1047,2024-02-05,CISO,3298
1048,2024-02-05,TIDC,328
1049,2024-02-06,BPAT,0
1050,2024-02-06,CISO,0
1051,2024-02-06,TIDC,34
1052,2024-02-07,BPAT,0
1053,2024-02-07,CISO,5803
1054,2024-02-07,TIDC,0
1055,2024-02-08,BPAT,7593
1056,2024-02-08,CISO,0
1057,2024-02-08,TIDC,0
1058,2024-02-09,BPAT,0
1059,2024-02-09,CISO,10293
1060,2024-02-09,TIDC,0
1061,2024-02-10,BPAT,0
1062,2024-02-10,CISO,8105
1063,2024-02-10,TIDC,493
1064,2023-02-13,BANC,29112
1065,2023-02-14,BANC,33461
1066,2023-02-15,BANC,31674
1067,2023-02-16,BANC,34367
1068,2023-02-17,BANC,31894
1069,2023-02-18,BANC,28705
1070,2023-02-19,BANC,27343
1071,2023-02-20,BANC,31049
1072,2023-02-21,BANC,27861
1073,2023-02-22,BANC,35245
1074,2023-02-23,BANC,41256
1075,2023-02-24,BANC,41819
1076,2023-02-25,BANC,36127
1077,2023-02-26,BANC,32091
1078,2023-02-27,BANC,35484
1079,2023-02-28,BANC,41023
1080,2023-03-01,BANC,44708
1081,2023-03-02,BANC,42655
1082,2023-03-03,BANC,42022
1083,2023-03-04,BANC,40643
1084,2023-03-05,BANC,42787
1085,2023-03-06,BANC,46395
1086,2023-03-07,BANC,44948
1087,2023-03-08,BANC,45405
1088,2023-03-09,BANC,47554
1089,2023-03-10,BANC,42033
1090,2023-03-11,BANC,41503
1091,2023-03-12,BANC,39814
1092,2023-03-13,BANC,41564
1093,2023-03-14,BANC,43305
1094,2023-03-15,BANC,39589
1095,2023-03-16,BANC,41150
1096,2023-03-17,BANC,40959
1097,2023-03-18,BANC,38831
1098,2023-03-19,BANC,40757
1099,2023-03-20,BANC,39862
1100,2023-03-21,BANC,39906
1101,2023-03-22,BANC,40381
1102,2023-03-23,BANC,38278
1103,2023-03-24,BANC,33703
1104,2023-03-25,BANC,30847
1105,2023-03-26,BANC,32919
1106,2023-03-27,BANC,35678
1107,2023-03-28,BANC,38283
1108,2023-03-29,BANC,38268
1109,2023-03-30,BANC,36508
1110,2023-03-31,BANC,34800
1111,2023-04-01,BANC,30587
1112,2023-04-02,BANC,32953
1113,2023-04-03,BANC,37659
1114,2023-04-04,BANC,39657
1115,2023-04-05,BANC,40796
1116,2023-04-06,BANC,39177
1117,2023-04-07,BANC,27790
1118,2023-04-08,BANC,27553
1119,2023-04-09,BANC,28664
1120,2023-04-10,BANC,30144
1121,2023-04-11,BANC,24407
1122,2023-04-12,BANC,24787
1123,2023-04-13,BANC,26445
1124,2023-04-14,BANC,26838
1125,2023-04-15,BANC,25871
1126,2023-04-16,BANC,25081
1127,2023-04-17,BANC,23425
1128,2023-04-18,BANC,22180
1129,2023-04-19,BANC,20702
1130,2023-04-20,BANC,25507
1131,2023-04-21,BANC,27633
1132,2023-04-22,BANC,27815
1133,2023-04-23,BANC,30694
1134,2023-04-24,BANC,37452
1135,2023-04-25,BANC,41296
1136,2023-04-26,BANC,42599
1137,2023-04-27,BANC,40584
1138,2023-04-28,BANC,44198
1139,2023-04-29,BANC,43854
1140,2023-04-30,BANC,36012
1141,2023-05-01,BANC,39917
1142,2023-05-02,BANC,40226
1143,2023-05-03,BANC,42196
1144,2023-05-04,BANC,38383
1145,2023-05-05,BANC,37156
1146,2023-05-06,BANC,33496
1147,2023-05-07,BANC,32847
1148,2023-05-08,BANC,39751
1149,2023-05-09,BANC,36411
1150,2023-05-10,BANC,32525
1151,2023-05-11,BANC,38699
1152,2023-05-12,BANC,43102
1153,2023-05-13,BANC,36050
1154,2023-05-14,BANC,37354
1155,2023-05-15,BANC,44015
1156,2023-05-16,BANC,48601
1157,2023-05-17,BANC,52543
1158,2023-05-18,BANC,43227
1159,2023-05-19,BANC,47003
1160,2023-05-20,BANC,43367
1161,2023-05-21,BANC,40975
1162,2023-05-22,BANC,48261
1163,2023-05-23,BANC,45016
1164,2023-05-24,BANC,39001
1165,2023-05-25,BANC,42634
1166,2023-05-26,BANC,37967
1167,2023-05-27,BANC,31942
1168,2023-05-28,BANC,33859
1169,2023-05-29,BANC,37300
1170,2023-05-30,BANC,36589
1171,2023-05-31,BANC,35527
1172,2023-06-01,BANC,38739
1173,2023-06-02,BANC,39713
1174,2023-06-03,BANC,40477
1175,2023-06-04,BANC,40538
1176,2023-06-05,BANC,41315
1177,2023-06-06,BANC,38207
1178,2023-06-07,BANC,38307
1179,2023-06-08,BANC,39051
1180,2023-06-09,BANC,38224
1181,2023-06-10,BANC,36962
1182,2023-06-11,BANC,36708
1183,2023-06-12,BANC,38947
1184,2023-06-13,BANC,37166
1185,2023-06-14,BANC,37695
1186,2023-06-15,BANC,36752
1187,2023-06-16,BANC,43497
1188,2023-06-17,BANC,38807
1189,2023-06-18,BANC,29334
1190,2023-06-19,BANC,32202
1191,2023-06-20,BANC,35810
1192,2023-06-21,BANC,39074
1193,2023-06-22,BANC,42838
1194,2023-06-23,BANC,40723
1195,2023-06-24,BANC,40589
1196,2023-06-25,BANC,40405
1197,2023-06-26,BANC,41416
1198,2023-06-27,BANC,46652
1199,2023-06-28,BANC,53054
1200,2023-06-29,BANC,53371
1201,2023-06-30,BANC,57120
1202,2023-07-01,BANC,54758
1203,2023-07-02,BANC,57326
1204,2023-07-03,BANC,55930
1205,2023-07-04,BANC,49397
1206,2023-07-05,BANC,50330
1207,2023-07-06,BANC,49473
1208,2023-07-07,BANC,48186
1209,2023-07-08,BANC,45234
1210,2023-07-09,BANC,41633
1211,2023-07-10,BANC,43875
1212,2023-07-11,BANC,47112
1213,2023-07-12,BANC,48587
1214,2023-07-13,BANC,52964
1215,2023-07-14,BANC,58218
1216,2023-07-15,BANC,63079
1217,2023-07-16,BANC,64469
1218,2023-07-17,BANC,60425
1219,2023-07-18,BANC,62489
1220,2023-07-19,BANC,60623
1221,2023-07-20,BANC,63767
1222,2023-07-21,BANC,61095
1223,2023-07-22,BANC,61491
1224,2023-07-23,BANC,62573
1225,2023-07-24,BANC,56393
1226,2023-07-25,BANC,60056
1227,2023-07-26,BANC,61472
1228,2023-07-27,BANC,57442
1229,2023-07-28,BANC,57464
1230,2023-07-29,BANC,51167
1231,2023-07-30,BANC,50598
1232,2023-07-31,BANC,60813
1233,2023-08-01,BANC,57559
1234,2023-08-02,BANC,52762
1235,2023-08-03,BANC,51565
1236,2023-08-04,BANC,49315
1237,2023-08-05,BANC,54373
1238,2023-08-06,BANC,49244
1239,2023-08-07,BANC,53264
1240,2023-08-08,BANC,52136
1241,2023-08-09,BANC,47560
1242,2023-08-10,BANC,47830
1243,2023-08-11,BANC,46978
1244,2023-08-12,BANC,46355
1245,2023-08-13,BANC,52748
1246,2023-08-14,BANC,62804
1247,2023-08-15,BANC,65823
1248,2023-08-16,BANC,65898
1249,2023-08-17,BANC,59708
1250,2023-08-18,BANC,48875
1251,2023-08-19,BANC,49043
1252,2023-08-20,BANC,51529
1253,2023-08-21,BANC,44405
1254,2023-08-22,BANC,44984
1255,2023-08-23,BANC,51533
1256,2023-08-24,BANC,52802
1257,2023-08-25,BANC,48115
1258,2023-08-26,BANC,50095
1259,2023-08-27,BANC,49851
1260,2023-08-28,BANC,50506
1261,2023-08-29,BANC,47217
1262,2023-08-30,BANC,46970
1263,2023-08-31,BANC,48731
1264,2023-09-01,BANC,43351
1265,2023-09-02,BANC,43310
1266,2023-09-03,BANC,40539
1267,2023-09-04,BANC,40286
1268,2023-09-05,BANC,49312
1269,2023-09-06,BANC,44010
1270,2023-09-07,BANC,46970
1271,2023-09-08,BANC,50655
1272,2023-09-09,BANC,50581
1273,2023-09-10,BANC,49314
1274,2023-09-11,BANC,48265
1275,2023-09-12,BANC,43943
1276,2023-09-13,BANC,46440
1277,2023-09-14,BANC,52391
1278,2023-09-15,BANC,52129
1279,2023-09-16,BANC,45758
1280,2023-09-17,BANC,39622
1281,2023-09-18,BANC,39934
1282,2023-09-19,BANC,43765
1283,2023-09-20,BANC,43492
1284,2023-09-21,BANC,44015
1285,2023-09-22,BANC,41263
1286,2023-09-23,BANC,38215
1287,2023-09-24,BANC,39251
1288,2023-09-25,BANC,37381
1289,2023-09-26,BANC,32921
1290,2023-09-27,BANC,36714
1291,2023-09-28,BANC,35473
1292,2023-09-29,BANC,36910
1293,2023-09-30,BANC,36746
1294,2023-10-01,BANC,35643
1295,2023-10-02,BANC,32173
1296,2023-10-03,BANC,37599
1297,2023-10-04,BANC,36875
1298,2023-10-05,BANC,44026
1299,2023-10-06,BANC,46444
1300,2023-10-07,BANC,42566
1301,2023-10-08,BANC,39160
1302,2023-10-09,BANC,35506
1303,2023-10-10,BANC,32065
1304,2023-10-11,BANC,32217
1305,2023-10-12,BANC,35426
1306,2023-10-13,BANC,39090
1307,2023-10-14,BANC,36623
1308,2023-10-15,BANC,38259
1309,2023-10-16,BANC,36019
1310,2023-10-17,BANC,33715
1311,2023-10-18,BANC,37235
1312,2023-10-19,BANC,39455
1313,2023-10-20,BANC,41000
1314,2023-10-21,BANC,32933
1315,2023-10-22,BANC,31624
1316,2023-10-23,BANC,30251
1317,2023-10-24,BANC,31221
1318,2023-10-25,BANC,33313
1319,2023-10-26,BANC,32368
1320,2023-10-27,BANC,34427
1321,2023-10-28,BANC,35875
1322,2023-10-29,BANC,37294
1323,2023-10-30,BANC,39886
1324,2023-10-31,BANC,38021
1325,2023-11-01,BANC,34315
1326,2023-11-04,BANC,29614
1327,2023-11-05,BANC,29603
1328,2023-11-06,BANC,31004
1329,2023-11-08,BANC,28930
1330,2023-11-09,BANC,32396
1331,2023-11-10,BANC,30407
1332,2023-11-11,BANC,30847
1333,2023-11-12,BANC,31037
1334,2023-11-13,BANC,20639
1335,2023-11-14,BANC,22010
1336,2023-11-15,BANC,25013
1337,2023-11-16,BANC,29001
1338,2023-11-17,BANC,25414
1339,2023-11-18,BANC,20885
1340,2023-11-19,BANC,21394
1341,2023-11-20,BANC,27560
1342,2023-11-21,BANC,29192
1343,2023-11-22,BANC,40050
1344,2023-11-23,BANC,30723
1345,2023-11-24,BANC,30328
1346,2023-11-25,BANC,32811
1347,2023-11-26,BANC,37157
1348,2023-11-27,BANC,39040
1349,2023-11-28,BANC,41747
1350,2023-11-29,BANC,42489
1351,2023-11-30,BANC,42249
1352,2023-12-01,BANC,42418
1353,2023-12-02,BANC,36427
1354,2023-12-03,BANC,38295
1355,2023-12-04,BANC,42392
1356,2023-12-05,BANC,41457
1357,2023-12-06,BANC,41094
1358,2023-12-07,BANC,37103
1359,2023-12-08,BANC,37715
1360,2023-12-09,BANC,37762
1361,2023-12-10,BANC,38255
1362,2023-12-11,BANC,39226
1363,2023-12-12,BANC,37863
1364,2023-12-13,BANC,41122
1365,2023-12-14,BANC,42204
1366,2023-12-15,BANC,43851
1367,2023-12-16,BANC,43546
1368,2023-12-17,BANC,44481
1369,2023-12-18,BANC,43233
1370,2023-12-19,BANC,44344
1371,2023-12-20,BANC,37314
1372,2023-12-21,BANC,42495
1373,2023-12-22,BANC,38400
1374,2023-12-23,BANC,33494
1375,2023-12-24,BANC,41589
1376,2023-12-25,BANC,40548
1377,2023-12-26,BANC,34909
1378,2023-12-27,BANC,37924
1379,2023-12-28,BANC,38036
1380,2023-12-29,BANC,41664
1381,2023-12-30,BANC,34812
1382,2023-12-31,BANC,32809
1383,2024-01-01,BANC,35050
1384,2024-01-02,BANC,35189
1385,2024-01-03,BANC,36618
1386,2024-01-04,BANC,41400
1387,2024-01-05,BANC,40313
1388,2024-01-06,BANC,39915
1389,2024-01-07,BANC,39939
1390,2024-01-08,BANC,48409
1391,2024-01-09,BANC,40588
1392,2024-01-10,BANC,41760
1393,2024-01-13,BANC,47441
1394,2024-01-14,BANC,43420
1395,2024-01-15,BANC,45311
1396,2024-01-16,BANC,46984
1397,2024-01-17,BANC,44376
1398,2024-01-18,BANC,44673
1399,2024-01-19,BANC,44901
1400,2024-01-20,BANC,42136
1401,2024-01-21,BANC,37296
1402,2024-01-22,BANC,44260
1403,2024-01-23,BANC,43164
1404,2024-01-24,BANC,44503
1405,2024-01-25,BANC,36945
1406,2024-01-26,BANC,40563
1407,2024-01-27,BANC,33533
1408,2024-01-28,BANC,33575
1409,2024-01-29,BANC,37862
1410,2024-01-30,BANC,36118
1411,2024-01-31,BANC,41111
1412,2024-02-01,BANC,42991
1413,2024-02-02,BANC,43525
1414,2024-02-03,BANC,39485
1415,2024-02-04,BANC,40191
1416,2024-02-05,BANC,42667
1417,2024-02-06,BANC,43404
1418,2024-02-07,BANC,44052
1419,2024-02-08,BANC,43125
1420,2024-02-09,BANC,43135
1421,2024-02-10,BANC,42012
1422,2024-02-11,BANC,41358
