hour,device_id,Temperature (C) - median,altitude_m - median,gas_ohm - median,pressure_hpa - median,CO2 (ppm) - median,Relative Humidity (%) - median,PM2.5 - median,PM10.0 - median,Battery (V) - median,Battery (%) - median
2024-01-31 15:00:00,Reids_Temp_Sensor,,,,,,,,,4.12875,98.3711
2024-01-31 16:00:00,Reids_Temp_Sensor,,,,,,,,,4.1425,95.1289
2024-01-31 17:00:00,Reids_Temp_Sensor,,,,,,,,,4.106875,94.4961
2024-01-31 18:00:00,Reids_Temp_Sensor,,,,,,,,,4.12,94.1797
2024-01-31 19:00:00,Reids_Temp_Sensor,,,,,,,,,4.09,97.0273
2024-01-31 20:00:00,Reids_Temp_Sensor,,,,,,,,,4.173125,105.252
2024-01-31 22:00:00,Reids_Temp_Sensor,18.072,1951.53,,799.782,,31.7541,,,4.09875,104.6995
2024-02-01 15:00:00,Reids_Temp_Sensor,,,,,,,,,0.0,0.0
2024-02-01 16:00:00,Reids_Temp_Sensor,16.8288,2002.71,,794.719,,32.0824,,,4.1325,98.4492
2024-02-01 17:00:00,Reids_Temp_Sensor,17.30685,2000.46,,794.941,,31.28445,,,4.091875,93.0703
2024-02-01 18:00:00,Reids_Temp_Sensor,17.6054,1995.685,27571.0,795.4125,,30.9229,,,4.1425,92.1211
2024-02-01 19:00:00,Reids_Temp_Sensor,17.7769,1994.92,27993.0,795.488,,30.9289,,,4.14,96.3945
2024-02-01 20:00:00,Reids_Temp_Sensor,17.8166,1994.88,29556.5,795.491,,30.4608,,,4.1425,94.8125
2024-02-01 21:00:00,Reids_Temp_Sensor,17.76905,1998.495,28114.5,795.1355,,31.4691,,,4.138125,94.6523
2024-02-01 22:00:00,Reids_Temp_Sensor,17.9487,1999.97,28256.0,794.99,,30.8458,,,4.13125,94.4961
2024-02-01 23:00:00,Reids_Temp_Sensor,17.6596,1998.675,29006.0,795.117,,31.12185,,,4.138125,94.3359
2024-02-02 00:00:00,Reids_Temp_Sensor,16.8147,1995.655,32056.0,795.4155,,31.3601,,,4.13125,96.15625
2024-02-02 01:00:00,Reids_Temp_Sensor,16.57435,1993.66,32501.5,795.6125,,31.526,,,4.148125,94.4961
2024-02-02 02:00:00,Reids_Temp_Sensor,15.8486,1988.34,32539.0,796.138,,32.7205,,,4.135,94.1797
2024-02-02 03:00:00,Reids_Temp_Sensor,15.53195,1984.855,33498.0,796.4825,,32.5148,,,4.145625,94.1797
2024-02-02 04:00:00,Reids_Temp_Sensor,15.3288,1982.18,33551.0,796.747,,32.5909,,,4.1375,94.1797
2024-02-02 05:00:00,Reids_Temp_Sensor,15.06615,1979.565,32729.0,797.0055,,33.0201,,,4.150625,94.1797
2024-02-02 06:00:00,Reids_Temp_Sensor,14.38695,1979.01,33943.5,797.06,,32.94865,,,4.128125,94.1797
2024-02-02 07:00:00,Reids_Temp_Sensor,13.8081,1976.21,35003.0,797.337,,32.795,,,4.14,94.1797
2024-02-02 08:00:00,Reids_Temp_Sensor,13.33695,1975.245,35311.0,797.433,,33.0204,,,4.143125,94.0195
2024-02-02 09:00:00,Reids_Temp_Sensor,13.11895,1974.855,34430.0,797.4715,,33.22615,,,4.1425,94.0195
2024-02-02 10:00:00,Reids_Temp_Sensor,12.9362,1974.88,34040.0,797.469,,33.0914,,,4.13375,93.8633
2024-02-02 11:00:00,Reids_Temp_Sensor,12.7473,1974.97,33985.0,797.4595,,33.0006,,,4.143125,93.8633
2024-02-02 12:00:00,Reids_Temp_Sensor,12.62305,1974.065,33807.5,797.5495,,32.98535,,,4.143125,93.8633
2024-02-02 13:00:00,Reids_Temp_Sensor,12.815,1970.76,33286.0,797.876,,32.2217,,,4.12875,93.8633
2024-02-02 14:00:00,Reids_Temp_Sensor,14.21465,1966.825,31363.0,798.266,,31.0647,,,4.125625,93.8633
2024-02-02 15:00:00,Reids_Temp_Sensor,14.33285,1962.26,29828.5,798.7175,,31.62705,,,4.14125,93.8633
2024-02-02 16:00:00,Reids_Temp_Sensor,14.4034,1959.29,29587.0,799.013,,31.8139,,,4.14125,93.8633
2024-02-02 17:00:00,Reids_Temp_Sensor,14.50735,1955.15,30031.0,799.4225,,31.6967,,,4.136875,93.7031
2024-02-02 18:00:00,Reids_Temp_Sensor,14.6661,1952.875,29818.0,799.6485,,31.6736,,,4.135625,93.7031
2024-02-02 19:00:00,Reids_Temp_Sensor,14.7474,1953.58,29279.0,799.578,,31.6679,,,4.13625,93.7031
2024-02-02 20:00:00,Reids_Temp_Sensor,14.8329,1957.12,29126.5,799.227,,31.42215,,,4.143125,93.7031
2024-02-02 21:00:00,Reids_Temp_Sensor,14.89035,1956.545,24727.0,799.284,,32.06935,,,4.1325,93.7031
2024-02-02 22:00:00,Reids_Temp_Sensor,15.0148,1953.71,24969.0,799.565,,31.9049,,,4.125,93.7031
2024-02-02 23:00:00,Reids_Temp_Sensor,14.91065,1947.43,26654.0,800.188,,31.6869,,,4.115625,93.5469
2024-02-03 00:00:00,Reids_Temp_Sensor,15.66115,1947.17,26378.0,800.214,,30.87185,,,4.13,93.7031
2024-02-03 01:00:00,Reids_Temp_Sensor,21.5224,1945.84,13261.0,800.346,,44.58745,,,4.144375,101.535
2024-02-03 02:00:00,Reids_Temp_Sensor,16.4343,1938.29,13118.0,801.095,,32.9674,,,4.1425,98.293
2024-02-03 03:00:00,Reids_Temp_Sensor,15.7097,1937.36,20808.0,801.188,,31.4649,,,4.12875,93.7031
2024-02-03 04:00:00,Reids_Temp_Sensor,15.61075,1935.895,23763.5,801.333,,30.9843,,,4.09375,90.6992
2024-02-03 05:00:00,Reids_Temp_Sensor,15.7431,1932.33,23892.0,801.688,,31.8982,,,4.09,88.6406
2024-02-03 06:00:00,Reids_Temp_Sensor,15.166,1927.015,27562.0,802.216,,30.30885,,,4.0925,88.2109
2024-02-03 07:00:00,Reids_Temp_Sensor,14.30075,1926.065,31456.5,802.3105,,29.8989,,,4.0875,88.13865
2024-02-03 08:00:00,Reids_Temp_Sensor,13.7679,1925.46,32716.0,802.37,,29.9127,,,4.085,87.3516
2024-02-03 09:00:00,Reids_Temp_Sensor,13.4434,1924.78,33051.0,802.438,,29.9865,,,4.085,87.0625
2024-02-03 10:00:00,Reids_Temp_Sensor,13.17005,1922.565,33181.0,802.658,,29.88,,,4.0825,86.918
2024-02-03 11:00:00,Reids_Temp_Sensor,12.9728,1922.08,33392.0,802.706,,30.0948,,,4.075,86.4883
2024-02-03 12:00:00,Reids_Temp_Sensor,12.81635,1923.155,33551.0,802.5995,,30.07865,,,4.074375,86.0586
2024-02-03 13:00:00,Reids_Temp_Sensor,12.62795,1922.22,33753.5,802.692,,30.0074,,,4.07375,85.9141
2024-02-03 14:00:00,Reids_Temp_Sensor,13.7403,1918.91,24404.0,803.021,,29.6354,,,4.075,85.9141
2024-02-03 15:00:00,Reids_Temp_Sensor,13.2593,1914.565,27698.0,803.454,,29.7397,,,4.07125,86.0586
2024-02-03 16:00:00,Reids_Temp_Sensor,13.2306,1911.655,29289.0,803.744,,29.0859,,,4.07125,85.9141
2024-02-03 17:00:00,Reids_Temp_Sensor,13.2019,1908.94,30182.0,804.015,,29.0685,,,4.07125,85.9141
2024-02-03 18:00:00,Reids_Temp_Sensor,13.2261,1908.37,30521.0,804.0715,,29.09325,,,4.07,85.9141
2024-02-03 19:00:00,Reids_Temp_Sensor,13.1787,1911.09,30532.0,803.8005,,29.3259,,,4.07125,85.7695
2024-02-03 20:00:00,Reids_Temp_Sensor,13.2085,1915.83,30378.0,803.328,,29.5317,,,4.07125,85.9141
2024-02-03 21:00:00,Reids_Temp_Sensor,13.15595,1920.415,30312.0,802.8725,,29.85085,,,4.07,85.9141
2024-02-03 22:00:00,Reids_Temp_Sensor,13.437,1922.36,27092.0,802.679,,31.62525,,,4.09375,86.2031
2024-02-03 23:00:00,Reids_Temp_Sensor,26.8609,1917.88,9038.0,803.125,,31.977,,,4.09,95.6016
2024-02-04 00:00:00,Reids_Temp_Sensor,15.57285,1922.31,25522.5,802.6835,,30.7273,,,4.076875,87.4922
2024-02-04 01:00:00,Reids_Temp_Sensor,15.7259,1922.47,25907.0,802.668,,30.9512,,,4.10125,87.9258
2024-02-04 02:00:00,Reids_Temp_Sensor,15.9106,1924.45,26312.0,802.4705,,30.8954,,,4.1075,88.8008
2024-02-04 03:00:00,Reids_Temp_Sensor,15.5452,1924.84,27285.0,802.432,,30.9288,,,4.14125,91.1719
2024-02-04 04:00:00,Reids_Temp_Sensor,16.09115,1924.63,24475.5,802.4535,,30.3727,,,4.10875,92.2813
2024-02-04 05:00:00,Reids_Temp_Sensor,15.9035,1923.725,25422.0,802.543,,30.3096,,,4.14625,94.0195
2024-02-04 06:00:00,Reids_Temp_Sensor,15.0382,1929.08,28370.0,802.011,,29.7911,,,4.145,95.4453
2024-02-04 07:00:00,Reids_Temp_Sensor,14.14465,1930.87,30160.0,801.833,,29.9501,,,4.14375,94.9688
2024-02-04 08:00:00,Reids_Temp_Sensor,13.442,1935.38,31096.0,801.3845,,30.40855,,,4.170625,95.68165
2024-02-04 09:00:00,Reids_Temp_Sensor,12.982,1940.21,31587.0,800.905,,30.8449,,,4.14875,95.7617
2024-02-04 10:00:00,Reids_Temp_Sensor,12.7205,1943.755,31445.0,800.5525,,31.1454,,,4.144375,95.918
2024-02-04 11:00:00,Reids_Temp_Sensor,12.63165,1952.885,31433.0,799.6475,,31.29355,,,4.14375,95.6016
2024-02-04 12:00:00,Reids_Temp_Sensor,12.5333,1957.69,31445.0,799.171,,31.2341,,,4.14875,95.2852
2024-02-04 13:00:00,Reids_Temp_Sensor,12.31885,1963.38,31468.0,798.607,,31.44365,,,4.169375,95.2852
2024-02-04 14:00:00,Reids_Temp_Sensor,12.32285,1967.185,31421.0,798.231,,31.1881,,,4.1625,95.2852
2024-02-04 15:00:00,Reids_Temp_Sensor,14.298,1971.52,27919.0,797.802,,29.6967,,,4.16625,95.4453
2024-02-04 16:00:00,Reids_Temp_Sensor,14.3956,1977.74,27338.0,797.186,,30.5488,,,4.16,95.4453
2024-02-04 17:00:00,Reids_Temp_Sensor,14.61175,1980.395,27956.0,796.923,,29.8845,,,4.149375,95.2852
2024-02-04 18:00:00,Reids_Temp_Sensor,14.9257,1984.76,18664.0,796.491,,31.8874,,,4.0775,95.2852
2024-02-04 19:00:00,Reids_Temp_Sensor,15.071,1992.61,21335.5,795.716,,31.4582,,,4.07375,87.7813
2024-02-04 20:00:00,Reids_Temp_Sensor,15.1254,2002.71,22756.5,794.7185,,31.20415,,,4.103125,87.7813
2024-02-04 21:00:00,Reids_Temp_Sensor,15.4394,2010.17,21868.0,793.984,,32.0761,,,4.0725,93.8633
2024-02-04 22:00:00,Reids_Temp_Sensor,15.5091,2013.67,23973.0,793.639,,31.5785,,,4.0725,87.4922
2024-02-04 23:00:00,Reids_Temp_Sensor,15.6841,2011.56,24355.0,793.846,,32.16495,,,4.065625,87.3516
2024-02-05 00:00:00,Reids_Temp_Sensor,16.223,2012.31,21142.5,793.772,,34.456,,,3.7925,64.4824
2024-02-05 01:00:00,Reids_Temp_Sensor,16.92875,2013.665,13616.5,793.639,,33.7542,,,3.725,32.76565
2024-02-05 02:00:00,Reids_Temp_Sensor,16.5132,2015.34,17601.0,793.474,,34.9592,,,3.69625,21.3789
2024-02-05 03:00:00,Reids_Temp_Sensor,16.63935,2013.25,18967.0,793.679,,34.39585,,,3.66125,9.609375
2024-02-05 04:00:00,Reids_Temp_Sensor,16.5673,2013.66,21445.0,793.64,,33.8056,,,3.6325,4.63672
2024-02-05 05:00:00,Reids_Temp_Sensor,16.49075,2009.315,22145.0,794.0675,,33.5956,,,3.605625,2.68359
2024-02-05 06:00:00,Reids_Temp_Sensor,15.7163,2004.045,23663.0,794.587,,33.2239,,,3.5775,2.05469
2024-02-05 07:00:00,Reids_Temp_Sensor,15.0634,1999.43,25361.0,795.042,,33.106,,,3.54875,1.66406
2024-02-05 08:00:00,Reids_Temp_Sensor,14.5053,1998.655,26478.0,795.1195,,33.2681,,,3.510625,1.17578
2024-02-05 09:00:00,Reids_Temp_Sensor,13.92455,1993.34,27232.0,795.6435,,33.607,,,3.46875,0.6093755
2024-02-05 10:00:00,Reids_Temp_Sensor,13.5771,1987.42,27863.0,796.229,,33.8047,,,3.4325,0.152344
2024-02-05 11:00:00,Reids_Temp_Sensor,13.2655,1986.14,28505.0,796.354,,33.9636,,,3.285,0.03125
2024-02-05 14:00:00,Reids_Temp_Sensor,14.5308,1971.755,22843.5,797.7775,,33.2224,,,3.60375,2.246095
2024-02-05 15:00:00,Reids_Temp_Sensor,14.9089,1968.28,25254.0,798.122,,32.6264,,,3.71875,8.58203
2024-02-05 16:00:00,Reids_Temp_Sensor,15.16435,1965.2,25851.5,798.4275,,31.88155,,,3.81,21.3789
2024-02-05 17:00:00,Reids_Temp_Sensor,15.3211,1965.255,25088.0,798.421,,32.41025,,,3.97125,52.5039
2024-02-05 18:00:00,Reids_Temp_Sensor,15.5025,1962.73,25088.0,798.671,,32.2188,,,4.075,78.1367
2024-02-05 19:00:00,Reids_Temp_Sensor,15.59505,1963.015,25021.5,798.6435,,32.3112,,,4.16875,92.12305
2024-02-05 20:00:00,Reids_Temp_Sensor,15.64885,1967.495,21079.0,798.1995,,32.5153,,,4.2275,102.563
2024-02-05 21:00:00,Reids_Temp_Sensor,15.6417,1970.55,22239.0,797.896,,32.6998,,,4.23,104.777
2024-02-05 22:00:00,Reids_Temp_Sensor,15.64445,1966.53,22683.0,798.295,,32.78805,,,4.21,103.512
2024-02-05 23:00:00,Reids_Temp_Sensor,15.6667,1967.715,23690.0,798.1775,,32.64545,,,4.20375,102.406
2024-02-06 00:00:00,Reids_Temp_Sensor,16.0077,1965.44,23481.0,798.403,,32.4032,,,4.20125,101.773
2024-02-06 01:00:00,Reids_Temp_Sensor,16.74465,1961.695,22893.0,798.774,,31.04255,,,4.19875,101.457
2024-02-06 02:00:00,Reids_Temp_Sensor,16.4105,1962.495,21733.0,798.695,,31.939,,,4.1975,101.297
2024-02-06 03:00:00,Reids_Temp_Sensor,16.4771,1964.17,17616.0,798.529,,33.3681,,,4.19625,101.141
2024-02-06 04:00:00,Reids_Temp_Sensor,16.5309,1962.155,19157.0,798.728,,32.35255,,,4.195,100.98
2024-02-06 05:00:00,Reids_Temp_Sensor,16.1698,1962.77,21292.0,798.668,,31.8539,,,4.195,100.98
2024-02-06 06:00:00,Reids_Temp_Sensor,15.3285,1965.575,23390.0,798.3895,,32.52195,,,4.119375,95.20705
2024-02-06 07:00:00,Reids_Temp_Sensor,14.75165,1968.255,25315.0,798.1245,,32.7448,,,4.066875,87.6367
2024-02-06 08:00:00,Reids_Temp_Sensor,14.1107,1971.28,26329.0,797.825,,33.2124,,,4.0325,82.543
2024-02-06 09:00:00,Reids_Temp_Sensor,13.6839,1975.93,27170.5,797.3645,,33.48305,,,4.0125,79.2813
2024-02-06 10:00:00,Reids_Temp_Sensor,13.39645,1978.11,27267.5,797.1495,,33.8713,,,3.98875,76.4258
2024-02-06 11:00:00,Reids_Temp_Sensor,13.1109,1988.14,27589.0,796.157,,34.1884,,,3.95875,72.9063
2024-02-06 12:00:00,Reids_Temp_Sensor,12.9705,1988.675,27854.0,796.1045,,34.049,,,3.92875,68.88675
2024-02-06 13:00:00,Reids_Temp_Sensor,14.0359,1991.305,26755.5,795.8445,,32.5079,,,3.901875,65.3496
2024-02-06 14:00:00,Reids_Temp_Sensor,14.547,1992.95,25623.0,795.682,,32.5603,,,3.88875,63.543
2024-02-06 15:00:00,Reids_Temp_Sensor,14.8678,1995.06,24999.0,795.474,,32.1605,,,4.10875,82.21485
2024-02-06 16:00:00,Reids_Temp_Sensor,15.1287,1993.085,25337.5,795.669,,31.9312,,,4.208125,95.7598
2024-02-06 17:00:00,Reids_Temp_Sensor,15.2341,1993.9,25224.0,795.589,,32.0792,,,4.23,103.988
2024-02-06 18:00:00,Reids_Temp_Sensor,15.28155,1995.125,25216.5,795.468,,31.9942,,,4.21375,103.988
2024-02-06 19:00:00,Reids_Temp_Sensor,15.3791,1997.455,24984.0,795.2365,,32.0221,,,4.21,103.039
2024-02-06 20:00:00,Reids_Temp_Sensor,15.4474,2003.76,25088.0,794.615,,32.0828,,,4.2075,102.563
2024-02-06 21:00:00,Reids_Temp_Sensor,15.5764,2009.585,21766.5,794.0405,,32.7871,,,4.205,102.246
2024-02-06 22:00:00,Reids_Temp_Sensor,15.61815,2011.46,22707.5,793.856,,32.51165,,,4.205,102.246
2024-02-06 23:00:00,Reids_Temp_Sensor,15.6501,2012.24,23455.0,793.78,,32.4016,,,4.20375,102.09
2024-02-07 00:00:00,Reids_Temp_Sensor,15.8732,2011.685,23312.0,793.8335,,32.3706,,,4.2025,101.93
2024-02-07 01:00:00,Reids_Temp_Sensor,16.0044,2008.29,23690.0,794.169,,32.0196,,,4.2025,101.773
2024-02-07 02:00:00,Reids_Temp_Sensor,16.08645,2005.965,23946.0,794.3975,,31.8553,,,4.20125,101.773
2024-02-07 03:00:00,Reids_Temp_Sensor,15.59575,2001.435,25194.0,794.8445,,32.0947,,,4.2,101.613
2024-02-07 04:00:00,Reids_Temp_Sensor,15.7071,1998.0,22192.0,795.184,,33.4023,,,4.2,101.613
2024-02-07 05:00:00,Reids_Temp_Sensor,15.6499,1993.71,23598.5,795.6075,,32.62415,,,4.19875,101.457
2024-02-07 06:00:00,Reids_Temp_Sensor,14.8962,1993.15,26068.0,795.662,,32.2605,,,4.19875,101.457
2024-02-07 07:00:00,Reids_Temp_Sensor,14.2392,1993.365,27707.5,795.641,,32.19395,,,4.19875,101.297
2024-02-07 08:00:00,Reids_Temp_Sensor,13.7013,1992.25,28896.0,795.751,,32.1588,,,4.1975,101.297
2024-02-07 09:00:00,Reids_Temp_Sensor,13.39345,1992.125,29258.0,795.7645,,32.0917,,,4.1975,101.297
2024-02-07 10:00:00,Reids_Temp_Sensor,13.1261,1987.45,29734.0,796.226,,31.8083,,,4.1975,101.141
2024-02-07 11:00:00,Reids_Temp_Sensor,12.90655,1988.48,30138.0,796.124,,31.68505,,,4.1975,101.141
2024-02-07 12:00:00,Reids_Temp_Sensor,12.73295,1991.17,30378.0,795.8585,,31.69935,,,4.19625,101.141
2024-02-07 13:00:00,Reids_Temp_Sensor,12.7023,1992.44,30400.0,795.7325,,31.2294,,,4.19625,101.141
2024-02-07 14:00:00,Reids_Temp_Sensor,13.6505,1993.58,28030.0,795.62,,31.2004,,,4.19625,100.98
2024-02-07 15:00:00,Reids_Temp_Sensor,13.77815,1990.385,27698.0,795.936,,31.15405,,,4.19625,100.98
2024-02-07 16:00:00,Reids_Temp_Sensor,13.957,1991.0,27481.0,795.875,,31.0599,,,4.195,100.98
2024-02-07 17:00:00,Reids_Temp_Sensor,14.0953,1991.95,27303.0,795.7815,,31.03615,,,4.195,100.98
2024-02-07 18:00:00,Reids_Temp_Sensor,14.19595,1991.66,27294.0,795.81,,30.91225,,,4.195,100.98
2024-02-07 19:00:00,Reids_Temp_Sensor,14.2704,1993.34,27481.0,795.644,,30.8555,,,4.195,100.824
2024-02-07 20:00:00,Reids_Temp_Sensor,14.3969,2007.095,27039.0,794.287,,31.00505,,,4.194375,100.824
2024-02-07 21:00:00,Reids_Temp_Sensor,13.7743,2010.705,20726.0,793.931,,34.8243,,,4.19375,100.824
2024-02-07 22:00:00,Reids_Temp_Sensor,14.4105,2009.02,21185.0,794.097,,32.9729,,,4.19375,100.824
2024-02-07 23:00:00,Reids_Temp_Sensor,14.5625,2008.49,22806.0,794.1495,,32.35065,,,4.19375,100.664
2024-02-08 00:00:00,Reids_Temp_Sensor,14.8765,2005.73,22993.0,794.4215,,32.05935,,,4.19375,100.664
2024-02-08 01:00:00,Reids_Temp_Sensor,15.1314,2001.06,23222.0,794.882,,31.7448,,,4.1925,100.664
2024-02-08 02:00:00,Reids_Temp_Sensor,15.57435,1998.36,23081.5,795.148,,31.44635,,,4.1925,100.664
2024-02-08 03:00:00,Reids_Temp_Sensor,15.9696,1994.3,24208.0,795.549,,30.3091,,,4.1925,100.664
2024-02-08 04:00:00,Reids_Temp_Sensor,16.09495,1992.245,24662.0,795.752,,29.9121,,,4.1925,100.508
2024-02-08 05:00:00,Reids_Temp_Sensor,15.717,1988.035,25284.0,796.1675,,30.4008,,,4.1925,100.508
2024-02-08 06:00:00,Reids_Temp_Sensor,15.0575,1983.34,26730.0,796.632,,30.5524,,,4.1925,100.508
2024-02-08 07:00:00,Reids_Temp_Sensor,14.3796,1978.36,27744.0,797.1245,,30.7917,,,4.19125,100.508
2024-02-08 08:00:00,Reids_Temp_Sensor,13.79855,1972.83,28553.5,797.672,,31.0439,,,4.19125,100.508
2024-02-08 09:00:00,Reids_Temp_Sensor,13.3784,1966.71,28936.0,798.277,,31.4182,,,4.19125,100.508
2024-02-08 10:00:00,Reids_Temp_Sensor,13.1673,1961.195,29016.0,798.8235,,31.7126,,,4.19125,100.348
2024-02-08 11:00:00,Reids_Temp_Sensor,12.9122,1959.965,29167.0,798.9455,,32.14485,,,4.19125,100.348
2024-02-08 12:00:00,Reids_Temp_Sensor,12.787,1955.06,29401.0,799.431,,32.0912,,,4.19125,100.348
2024-02-08 13:00:00,Reids_Temp_Sensor,12.8094,1951.09,29629.0,799.826,,31.3059,,,4.19,100.348
2024-02-08 14:00:00,Reids_Temp_Sensor,13.87205,1949.015,27472.0,800.031,,30.4465,,,4.19,100.348
2024-02-08 15:00:00,Reids_Temp_Sensor,14.2644,1943.81,27232.0,800.547,,30.0394,,,4.19,100.348
2024-02-08 16:00:00,Reids_Temp_Sensor,14.6764,1939.49,26781.0,800.977,,29.6427,,,4.19,100.348
2024-02-08 17:00:00,Reids_Temp_Sensor,14.9241,1935.1,27250.0,801.412,,28.9298,,,4.19,100.348
2024-02-08 18:00:00,Reids_Temp_Sensor,15.0635,1932.805,26603.5,801.6405,,28.98595,,,4.19,100.191
2024-02-08 19:00:00,Reids_Temp_Sensor,15.2253,1933.54,26495.0,801.567,,28.989,,,4.19,100.191
2024-02-08 20:00:00,Reids_Temp_Sensor,15.289,1937.16,26353.5,801.2085,,29.19635,,,4.18875,100.191
2024-02-08 21:00:00,Reids_Temp_Sensor,15.3889,1937.645,25615.5,801.1595,,29.7059,,,4.18875,100.191
2024-02-08 22:00:00,Reids_Temp_Sensor,15.8806,1935.78,24925.0,801.344,,29.7211,,,4.18875,100.191
2024-02-08 23:00:00,Reids_Temp_Sensor,15.6548,1930.13,24461.0,801.906,,30.2859,,,4.18875,100.191
2024-02-09 00:00:00,Reids_Temp_Sensor,15.73195,1923.355,22063.5,802.58,,30.64465,,,4.18875,100.031
2024-02-09 01:00:00,Reids_Temp_Sensor,15.904,1918.28,22695.0,803.084,,30.2907,,,4.18875,100.031
2024-02-09 02:00:00,Reids_Temp_Sensor,26.61595,1911.155,9001.5,803.7945,,33.2771,,,4.12875,95.68165
2024-02-09 03:00:00,Reids_Temp_Sensor,16.4405,1909.37,18747.0,803.972,,33.2704,,,4.22625,100.348
2024-02-09 04:00:00,Reids_Temp_Sensor,16.54465,1908.08,21466.0,804.0995,,31.5489,,,4.22,103.828
2024-02-09 05:00:00,Reids_Temp_Sensor,16.2323,1904.03,24362.0,804.503,,30.3575,,,4.2175,103.828
2024-02-09 06:00:00,Reids_Temp_Sensor,15.38925,1904.31,26470.0,804.4755,,29.67715,,,4.21625,103.672
2024-02-09 07:00:00,Reids_Temp_Sensor,14.6434,1901.145,28466.5,804.791,,29.3245,,,4.21625,103.512
2024-02-09 08:00:00,Reids_Temp_Sensor,13.9003,1900.58,30312.0,804.847,,29.1522,,,4.215,103.512
2024-02-09 09:00:00,Reids_Temp_Sensor,13.5436,1898.585,31246.5,805.0455,,29.111,,,4.215,103.355
2024-02-09 10:00:00,Reids_Temp_Sensor,13.22895,1898.625,32439.0,805.042,,28.9902,,,4.21375,103.355
2024-02-09 11:00:00,Reids_Temp_Sensor,12.9142,1902.46,33155.0,804.661,,28.8663,,,4.21375,103.355
2024-02-09 12:00:00,Reids_Temp_Sensor,12.7208,1900.42,33392.0,804.863,,28.5041,,,4.21375,103.355
2024-02-09 13:00:00,Reids_Temp_Sensor,13.5383,1893.63,32869.5,805.54,,27.95185,,,4.21375,103.195
2024-02-09 14:00:00,Reids_Temp_Sensor,13.8876,1893.42,30312.0,805.562,,27.8454,,,4.2125,103.195
2024-02-09 15:00:00,Reids_Temp_Sensor,14.21895,1896.28,30106.0,805.276,,27.30035,,,4.2125,103.195
2024-02-09 16:00:00,Reids_Temp_Sensor,14.4874,1894.24,30095.0,805.48,,27.0871,,,4.2125,103.195
2024-02-09 17:00:00,Reids_Temp_Sensor,14.867,1892.54,29597.5,805.6485,,27.2048,,,4.2125,103.039
2024-02-09 18:00:00,Reids_Temp_Sensor,15.006,1889.62,29755.0,805.9405,,27.28345,,,4.21125,103.039
2024-02-09 19:00:00,Reids_Temp_Sensor,22.6575,1891.35,23094.0,805.768,454.0,23.1201,0.0,0.0,4.22375,105.254
2024-02-09 20:00:00,Reids_Temp_Sensor,15.52405,1894.085,21174.5,805.4945,399.5,28.1158,25.5,27.0,4.22375,104.777
2024-02-09 21:00:00,Reids_Temp_Sensor,15.5318,1902.43,23623.0,804.663,403.0,27.6752,1.0,1.0,4.22375,104.461
2024-02-09 22:00:00,Reids_Temp_Sensor,15.62365,1904.715,25179.0,804.4355,398.5,27.76575,0.0,0.0,4.2225,104.461
2024-02-09 23:00:00,Reids_Temp_Sensor,15.6578,1903.605,25284.0,804.5465,401.0,28.00205,0.0,0.0,4.2225,104.305
2024-02-10 00:00:00,Reids_Temp_Sensor,15.8093,1901.31,25361.0,804.775,405.0,28.0622,0.0,0.0,4.22125,104.305
2024-02-10 01:00:00,Reids_Temp_Sensor,15.92755,1896.655,25568.5,805.2395,400.0,28.1581,1.0,1.0,4.22125,104.305
2024-02-10 02:00:00,Reids_Temp_Sensor,16.0036,1895.18,25891.0,805.386,407.0,28.0188,1.0,1.0,4.22125,104.305
2024-02-10 03:00:00,Reids_Temp_Sensor,16.0684,1890.845,26108.0,805.818,408.0,27.86085,1.0,1.0,4.22,104.145
2024-02-10 04:00:00,Reids_Temp_Sensor,16.1211,1886.49,26411.0,806.253,409.0,27.54635,1.0,1.0,4.22125,104.145
2024-02-10 05:00:00,Reids_Temp_Sensor,15.8913,1881.56,27092.0,806.745,409.0,26.9485,0.0,0.0,4.22,104.145
2024-02-10 06:00:00,Reids_Temp_Sensor,15.825,1878.575,24633.5,807.043,668.0,28.64815,0.0,0.0,4.22,103.988
2024-02-10 07:00:00,Reids_Temp_Sensor,14.83415,1880.415,27463.5,806.859,603.5,28.21105,0.0,0.0,4.22,103.988
2024-02-10 08:00:00,Reids_Temp_Sensor,13.8505,1882.86,31073.0,806.615,487.0,28.0503,0.0,0.0,4.21875,103.988
2024-02-10 09:00:00,Reids_Temp_Sensor,13.6664,1881.54,31340.0,806.7465,479.0,27.6465,0.0,0.0,4.21875,103.988
2024-02-10 10:00:00,Reids_Temp_Sensor,13.3638,1881.125,31492.0,806.7885,479.0,27.6211,0.0,0.0,4.21875,103.828
2024-02-10 11:00:00,Reids_Temp_Sensor,13.2829,1881.67,31445.0,806.734,482.0,27.4298,0.0,1.0,4.21875,103.828
2024-02-10 12:00:00,Reids_Temp_Sensor,13.0418,1878.02,31983.0,807.0985,486.0,27.6231,0.0,0.0,4.21875,103.828
2024-02-10 13:00:00,Reids_Temp_Sensor,13.0402,1876.2,32290.0,807.28,490.0,27.3353,0.0,0.0,4.2175,103.828
2024-02-10 14:00:00,Reids_Temp_Sensor,13.0922,1877.205,31670.0,807.18,497.0,27.58815,1.0,1.0,4.2175,103.828
2024-02-10 15:00:00,Reids_Temp_Sensor,15.1618,1875.61,17086.0,807.339,615.0,27.4603,25.0,26.0,4.2175,103.828
2024-02-10 16:00:00,Reids_Temp_Sensor,13.79845,1876.935,23905.0,807.2075,548.0,26.6525,6.0,6.0,4.2175,103.828
2024-02-10 17:00:00,Reids_Temp_Sensor,13.83,1871.19,25875.0,807.78,494.0,26.1638,8.0,9.0,4.2175,103.672
2024-02-10 18:00:00,Reids_Temp_Sensor,13.80165,1868.375,27544.0,808.0625,471.0,26.2302,2.0,2.0,4.2175,103.672
2024-02-10 19:00:00,Reids_Temp_Sensor,13.7662,1865.57,27817.0,808.343,457.0,26.25545,0.0,0.0,4.2175,103.672
2024-02-10 20:00:00,Reids_Temp_Sensor,13.7679,1867.65,28237.0,808.135,449.0,26.3608,0.0,0.0,4.21625,103.672
2024-02-10 21:00:00,Reids_Temp_Sensor,13.95675,1869.205,28246.5,807.98,450.0,27.0045,0.0,0.0,4.21625,103.672
2024-02-10 22:00:00,Reids_Temp_Sensor,21.33455,1863.26,13533.5,808.564,776.0,30.3839,0.0,0.0,4.146875,102.01
2024-02-10 23:00:00,Reids_Temp_Sensor,41.1396,1857.65,2828.0,809.136,1679.0,43.8049,0.0,0.0,4.02625,85.4844
2024-02-11 00:00:00,Reids_Temp_Sensor,15.37275,1858.03,18016.0,809.098,547.0,30.0344,2.0,2.0,4.154375,87.92385
2024-02-11 01:00:00,Reids_Temp_Sensor,15.6472,1854.39,22215.0,809.462,556.0,30.1802,1.0,1.0,4.22875,102.246
2024-02-11 02:00:00,Reids_Temp_Sensor,15.0841,1849.15,26035.0,809.987,498.0,29.1291,2.0,3.0,4.215,103.828
2024-02-11 03:00:00,Reids_Temp_Sensor,14.97365,1848.54,27409.0,810.048,472.5,28.48985,2.0,3.0,4.21,103.039
2024-02-11 04:00:00,Reids_Temp_Sensor,14.9835,1847.03,29177.0,810.199,462.0,27.9746,3.0,3.0,4.20875,102.723
2024-02-11 05:00:00,Reids_Temp_Sensor,14.85255,1845.785,29484.0,810.325,468.0,27.67385,2.0,2.0,4.2075,102.563
2024-02-11 06:00:00,Reids_Temp_Sensor,14.9734,1845.05,29401.0,810.398,504.0,27.6231,1.0,1.0,4.20625,102.406
2024-02-11 07:00:00,Reids_Temp_Sensor,14.38665,1845.37,31468.0,810.365,479.0,27.27925,0.0,0.0,4.20625,102.406
2024-02-11 08:00:00,Reids_Temp_Sensor,14.33925,1842.0,32577.0,810.7035,484.0,26.71335,0.0,0.0,4.205,102.246
2024-02-11 09:00:00,Reids_Temp_Sensor,14.1782,1841.98,33076.0,810.706,488.0,26.2864,0.0,0.0,4.205,102.246
2024-02-11 10:00:00,Reids_Temp_Sensor,13.98275,1846.525,33551.0,810.25,491.0,26.0746,2.0,3.0,4.205,102.09
2024-02-11 11:00:00,Reids_Temp_Sensor,13.8417,1846.46,33930.0,810.257,491.0,25.8712,0.0,0.0,4.20375,102.09
2024-02-11 12:00:00,Reids_Temp_Sensor,13.7669,1843.67,34290.0,810.5365,496.0,25.5507,0.0,0.0,4.20375,102.09
2024-02-11 13:00:00,Reids_Temp_Sensor,13.7167,1844.29,34543.0,810.474,498.0,25.2466,0.0,0.0,4.20375,102.09
2024-02-11 14:00:00,Reids_Temp_Sensor,13.7374,1837.59,33916.5,811.146,503.5,25.4138,0.0,0.0,4.20375,101.93
2024-02-11 15:00:00,Reids_Temp_Sensor,15.0636,1834.31,16216.0,811.475,565.0,25.3228,32.0,35.0,4.20375,101.93
2024-02-11 16:00:00,Reids_Temp_Sensor,14.4009,1832.07,24313.0,811.7,500.0,24.43025,9.0,10.0,4.2025,101.93
2024-02-11 17:00:00,Reids_Temp_Sensor,14.2427,1830.61,27382.5,811.8465,479.0,24.4448,6.0,7.0,4.2025,101.93
2024-02-11 18:00:00,Reids_Temp_Sensor,14.2456,1830.65,28699.0,811.842,468.0,24.8016,8.0,8.0,4.2025,101.773
2024-02-11 19:00:00,Reids_Temp_Sensor,14.28185,1832.18,28966.0,811.6885,458.0,25.37195,6.0,6.0,4.2025,101.773
2024-02-11 20:00:00,Reids_Temp_Sensor,14.22765,1838.865,29066.0,811.018,452.0,25.92995,3.0,3.0,4.20125,101.773
2024-02-11 21:00:00,Reids_Temp_Sensor,14.4155,1843.42,28739.0,810.562,453.0,26.58,3.0,3.0,4.20125,101.773
2024-02-11 22:00:00,Reids_Temp_Sensor,15.12375,1845.52,21654.5,810.351,555.5,30.147,1.0,1.0,4.20125,101.773
2024-02-11 23:00:00,Reids_Temp_Sensor,14.6205,1847.695,25345.5,810.1335,504.0,29.7148,2.0,2.0,4.20125,101.613
2024-02-12 00:00:00,Reids_Temp_Sensor,15.5232,1845.86,25391.0,810.317,481.0,28.7831,2.0,2.0,4.20125,101.613
2024-02-12 01:00:00,Reids_Temp_Sensor,16.02745,1841.525,25186.5,810.7515,466.5,28.691,1.0,1.0,4.20125,101.613
2024-02-12 02:00:00,Reids_Temp_Sensor,16.2841,1837.79,25269.0,811.126,421.0,28.4991,0.0,1.0,4.20125,101.613
2024-02-12 03:00:00,Reids_Temp_Sensor,16.54215,1832.74,25545.0,811.632,417.0,27.93085,1.0,1.0,4.200625,101.613
2024-02-12 04:00:00,Reids_Temp_Sensor,16.5954,1831.01,25592.0,811.8065,468.5,28.09545,0.0,0.0,4.2,101.613
2024-02-12 05:00:00,Reids_Temp_Sensor,15.8017,1830.4,26362.0,811.867,488.0,28.4512,0.0,1.0,4.2,101.613
2024-02-12 06:00:00,Reids_Temp_Sensor,14.9375,1830.76,29056.0,811.832,441.0,28.39645,0.0,0.0,4.2,101.457
2024-02-12 07:00:00,Reids_Temp_Sensor,14.23605,1829.62,30666.0,811.946,423.0,28.4727,1.0,1.0,4.2,101.457
2024-02-12 08:00:00,Reids_Temp_Sensor,13.572,1830.66,32019.0,811.842,417.0,28.6102,1.0,1.0,4.19875,101.457
2024-02-12 09:00:00,Reids_Temp_Sensor,13.1841,1831.79,31971.0,811.728,428.0,28.7985,0.0,0.0,4.19875,101.457
2024-02-12 10:00:00,Reids_Temp_Sensor,12.9056,1831.92,32364.0,811.7145,432.5,28.66075,0.0,0.0,4.19875,101.457
2024-02-12 11:00:00,Reids_Temp_Sensor,12.7642,1837.04,33025.0,811.202,435.0,28.5912,0.0,0.0,4.19875,101.457
2024-02-12 12:00:00,Reids_Temp_Sensor,12.5772,1838.395,33207.0,811.0655,438.0,28.31085,0.0,0.0,4.19875,101.457
2024-02-12 13:00:00,Reids_Temp_Sensor,12.587,1841.28,33418.0,810.776,439.0,27.4323,0.0,0.0,4.19875,101.457
2024-02-12 14:00:00,Reids_Temp_Sensor,14.1172,1842.61,31039.0,810.643,457.0,26.1422,0.0,0.0,4.19875,101.297
2024-02-12 15:00:00,Reids_Temp_Sensor,14.55105,1842.52,30149.0,810.652,473.0,25.8487,0.0,0.0,4.19875,101.297
2024-02-12 16:00:00,Reids_Temp_Sensor,14.1234,1840.8,31682.0,810.825,464.0,26.3982,0.0,0.0,4.2225,103.512
2024-02-12 17:00:00,Reids_Temp_Sensor,14.4203,1838.7,32142.0,811.035,447.5,25.5075,1.0,1.5,4.22,103.988
2024-02-12 18:00:00,Reids_Temp_Sensor,15.5676,1841.61,29535.5,810.743,474.5,24.9762,1.0,1.0,4.21875,103.988
2024-02-12 19:00:00,Reids_Temp_Sensor,15.94175,1847.115,28332.0,810.1905,494.0,25.8878,1.0,1.0,4.21875,103.828
2024-02-12 20:00:00,Reids_Temp_Sensor,15.9663,1856.94,27607.0,809.2065,500.5,26.3829,0.0,0.5,4.2175,103.828
2024-02-12 21:00:00,Reids_Temp_Sensor,16.3347,1862.39,25407.0,808.661,518.0,26.8445,2.0,2.0,4.2175,103.828
2024-02-12 22:00:00,Reids_Temp_Sensor,16.4746,1868.0,24633.0,808.1,528.0,27.41745,1.0,1.0,4.2175,103.828
2024-02-12 23:00:00,Reids_Temp_Sensor,16.3671,1873.81,24793.0,807.52,530.0,28.4656,1.0,1.0,4.2175,103.672
2024-02-13 00:00:00,Reids_Temp_Sensor,17.0372,1874.77,24001.0,807.424,537.0,27.5619,2.0,2.0,4.2175,103.672
2024-02-13 01:00:00,Reids_Temp_Sensor,17.17485,1873.84,23804.0,807.517,530.0,28.12715,1.0,2.0,4.21625,103.672
2024-02-13 02:00:00,Reids_Temp_Sensor,17.3872,1868.61,23865.0,808.04,539.0,28.475,0.0,0.0,4.21625,103.672
2024-02-13 03:00:00,Reids_Temp_Sensor,17.25565,1869.015,21971.5,807.9995,661.0,29.1662,0.0,0.0,4.21625,103.592
2024-02-13 04:00:00,Reids_Temp_Sensor,17.3038,1870.14,22818.0,807.886,645.0,29.2106,0.0,0.0,4.21625,103.512
2024-02-13 05:00:00,Reids_Temp_Sensor,17.41945,1870.125,22880.5,807.888,631.5,29.354,1.0,1.0,4.21625,103.512
2024-02-13 06:00:00,Reids_Temp_Sensor,15.51045,1873.475,25963.0,807.5525,502.0,29.9425,0.0,1.0,4.215,103.512
2024-02-13 07:00:00,Reids_Temp_Sensor,15.1486,1874.98,28162.0,807.403,443.0,29.1705,2.0,4.0,4.215,103.512
2024-02-13 08:00:00,Reids_Temp_Sensor,14.72015,1877.265,29702.5,807.174,422.5,28.6087,4.0,5.0,4.215,103.512
2024-02-13 09:00:00,Reids_Temp_Sensor,14.0675,1880.18,31177.0,806.883,416.0,28.4592,1.0,1.0,4.215,103.355
2024-02-13 10:00:00,Reids_Temp_Sensor,13.3593,1885.16,32742.0,806.385,409.0,28.4309,0.0,0.0,4.215,103.355
2024-02-13 11:00:00,Reids_Temp_Sensor,12.99415,1890.27,33538.0,805.875,407.5,28.25695,0.0,0.0,4.21375,103.355
2024-02-13 12:00:00,Reids_Temp_Sensor,12.5652,1892.75,33713.0,805.629,419.0,28.5572,0.0,0.0,4.21375,103.355
2024-02-13 13:00:00,Reids_Temp_Sensor,13.0388,1893.06,32767.0,805.597,427.0,27.6649,0.0,0.0,4.21375,103.355
2024-02-13 14:00:00,Reids_Temp_Sensor,15.03285,1893.97,29692.0,805.5065,454.5,25.665,0.0,0.0,4.21375,103.355
2024-02-13 15:00:00,Reids_Temp_Sensor,15.2081,1893.33,29567.0,805.571,472.0,26.0861,0.0,0.0,4.21375,103.355
2024-02-13 16:00:00,Reids_Temp_Sensor,15.5374,1890.225,29116.5,805.8805,469.0,26.18205,0.0,0.0,4.21375,103.195
2024-02-13 17:00:00,Reids_Temp_Sensor,15.68225,1889.85,28976.0,805.918,473.0,26.0755,0.0,0.5,4.21375,103.195
2024-02-13 18:00:00,Reids_Temp_Sensor,15.8298,1893.39,28086.0,805.564,499.0,26.6309,2.0,2.0,4.21375,103.195
2024-02-13 19:00:00,Reids_Temp_Sensor,15.8467,1903.83,27364.5,804.523,507.0,27.5302,1.0,1.0,4.21375,103.195
2024-02-13 20:00:00,Reids_Temp_Sensor,15.8049,1907.015,26841.0,804.2055,512.0,28.15125,0.0,0.0,4.213125,103.195
2024-02-13 21:00:00,Reids_Temp_Sensor,16.014,1907.39,25484.0,804.168,508.0,28.7279,8.0,8.0,4.2125,103.195
2024-02-13 22:00:00,Reids_Temp_Sensor,16.44295,1906.07,23560.0,804.3,497.0,28.6279,2.0,2.0,4.2125,103.195
2024-02-13 23:00:00,Reids_Temp_Sensor,16.0933,1905.36,23892.0,804.371,484.0,28.9892,0.0,0.0,4.2125,103.195
2024-02-14 00:00:00,Reids_Temp_Sensor,15.6125,1903.02,23119.5,804.6045,483.5,29.8813,0.0,0.0,4.2125,103.195
2024-02-14 01:00:00,Reids_Temp_Sensor,15.5087,1898.145,23234.5,805.0905,471.0,30.01855,0.0,0.0,4.2125,103.039
2024-02-14 02:00:00,Reids_Temp_Sensor,15.6964,1895.78,23623.0,805.326,476.0,29.9828,0.0,0.0,4.2125,103.039
2024-02-14 03:00:00,Reids_Temp_Sensor,15.65705,1895.35,22806.0,805.3695,510.5,30.9862,0.0,0.0,4.2125,103.039
2024-02-14 04:00:00,Reids_Temp_Sensor,15.2946,1894.9,23838.0,805.413,507.0,30.8786,1.0,1.0,4.21125,103.039
2024-02-14 05:00:00,Reids_Temp_Sensor,25.0798,1887.59,4312.0,806.143,452.0,32.7696,1.0,1.0,3.975,79.1172
2024-02-14 06:00:00,Reids_Temp_Sensor,13.548,1891.67,22145.0,805.736,430.0,31.7038,0.0,0.0,3.90625,70.1172
2024-02-14 07:00:00,Reids_Temp_Sensor,13.0962,1892.23,27481.0,805.681,415.5,31.52945,0.0,0.0,3.825625,58.3691
2024-02-14 08:00:00,Reids_Temp_Sensor,12.8371,1891.45,29106.0,805.758,421.5,31.45355,0.0,0.0,3.76375,44.25585
2024-02-14 09:00:00,Reids_Temp_Sensor,12.8409,1891.98,29629.0,805.704,429.0,31.2938,0.0,0.0,3.6625,23.5273
2024-02-14 10:00:00,Reids_Temp_Sensor,12.5838,1894.035,30052.5,805.4995,435.0,31.7006,0.0,0.0,3.56125,2.01367
2024-02-14 11:00:00,Reids_Temp_Sensor,12.5487,1895.88,29945.0,805.315,441.0,31.5843,1.0,1.0,3.46125,0.636719
2024-02-14 12:00:00,Reids_Temp_Sensor,12.3232,1894.39,30031.0,805.464,425.5,31.8044,1.0,1.0,3.34125,0.078125
2024-02-14 16:00:00,Reids_Temp_Sensor,15.64895,1885.16,20807.5,806.386,473.0,28.79145,0.0,0.0,3.593125,2.08008
2024-02-14 17:00:00,Reids_Temp_Sensor,15.8708,1882.93,24264.0,806.608,495.0,28.7746,0.0,0.0,3.70875,7.84375
2024-02-14 18:00:00,Reids_Temp_Sensor,16.031,1882.95,25292.0,806.607,483.5,28.737,0.0,0.0,3.813125,20.73435
2024-02-14 19:00:00,Reids_Temp_Sensor,16.1935,1887.15,25709.0,806.187,485.5,28.755,0.0,0.0,3.96125,51.9297
2024-02-14 20:00:00,Reids_Temp_Sensor,16.24,1893.8,25686.0,805.523,476.0,29.0632,0.0,0.0,4.0575,76.0195
2024-02-14 21:00:00,Reids_Temp_Sensor,16.16075,1900.325,23925.5,804.8735,469.5,29.8344,0.0,0.0,4.155625,90.77735
2024-02-14 22:00:00,Reids_Temp_Sensor,15.6135,1904.515,24969.5,804.455,458.5,30.7053,0.0,0.0,4.2275,102.4845
2024-02-14 23:00:00,Reids_Temp_Sensor,15.7741,1895.81,25073.0,805.323,464.0,30.2839,0.0,0.0,4.21625,104.461
2024-02-15 00:00:00,Reids_Temp_Sensor,16.6579,1893.77,23905.0,805.5265,479.5,29.2699,0.0,0.0,4.205,102.723
2024-02-15 01:00:00,Reids_Temp_Sensor,16.8716,1900.79,23770.0,804.827,481.0,29.162,0.0,0.0,4.2,101.773
2024-02-15 02:00:00,Reids_Temp_Sensor,16.842,1906.805,19053.0,804.2265,548.5,30.38405,0.0,0.0,4.1975,101.457
2024-02-15 03:00:00,Reids_Temp_Sensor,17.4008,1897.865,585726.5,805.1185,1358.0,30.06815,0.0,0.0,4.2125,94.9707
2024-02-15 04:00:00,Reids_Temp_Sensor,17.3041,1897.105,409030.5,805.1935,,34.58695,5.0,5.0,4.22125,103.512
2024-02-15 05:00:00,Reids_Temp_Sensor,17.1488,1897.68,396593.0,805.136,,32.006,1.0,1.0,4.215,103.512
2024-02-15 06:00:00,Reids_Temp_Sensor,15.9122,1898.86,749303.0,805.018,,31.7677,0.0,0.0,4.21125,103.195
2024-02-15 07:00:00,Reids_Temp_Sensor,15.1925,1889.95,1342994.5,805.9075,,31.75155,0.0,0.0,4.21,102.879
2024-02-15 08:00:00,Reids_Temp_Sensor,14.5575,1887.28,2025602.0,806.173,,31.9918,0.0,0.0,4.20875,102.563
2024-02-15 09:00:00,Reids_Temp_Sensor,13.9761,1880.71,3175914.0,806.831,,32.2309,0.0,0.0,4.2075,102.563
2024-02-15 10:00:00,Reids_Temp_Sensor,13.4677,1879.6,4487072.0,806.941,,32.4594,1.0,1.0,4.20625,102.406
2024-02-15 11:00:00,Reids_Temp_Sensor,12.9505,1873.365,6275894.0,807.564,,32.7218,1.0,1.0,4.205,102.246
2024-02-15 12:00:00,Reids_Temp_Sensor,12.88585,1872.63,6450840.0,807.637,,32.5398,0.0,0.0,4.205,102.09
2024-02-15 13:00:00,Reids_Temp_Sensor,12.9595,1865.78,5931642.0,808.322,,32.2284,0.0,0.0,4.20375,102.09
2024-02-15 14:00:00,Reids_Temp_Sensor,14.6327,1863.19,5223300.0,808.581,,30.4505,0.0,0.0,4.2025,101.93
2024-02-15 15:00:00,Reids_Temp_Sensor,14.7907,1861.37,4409836.0,808.764,,30.7753,0.0,0.0,4.2025,101.93
