,latitude,longitude,generationtime_ms,utc_offset_seconds,timezone,timezone_abbreviation,elevation,hourly_units,hourly,daily_units,daily
time,38.90618,-119.98674,1.2379884719848633,0,UTC,UTC,1926.0,iso8601,"['2024-02-14T00:00', '2024-02-14T01:00', '2024-02-14T02:00', '2024-02-14T03:00', '2024-02-14T04:00', '2024-02-14T05:00', '2024-02-14T06:00', '2024-02-14T07:00', '2024-02-14T08:00', '2024-02-14T09:00', '2024-02-14T10:00', '2024-02-14T11:00', '2024-02-14T12:00', '2024-02-14T13:00', '2024-02-14T14:00', '2024-02-14T15:00', '2024-02-14T16:00', '2024-02-14T17:00', '2024-02-14T18:00', '2024-02-14T19:00', '2024-02-14T20:00', '2024-02-14T21:00', '2024-02-14T22:00', '2024-02-14T23:00', '2024-02-15T00:00', '2024-02-15T01:00', '2024-02-15T02:00', '2024-02-15T03:00', '2024-02-15T04:00', '2024-02-15T05:00', '2024-02-15T06:00', '2024-02-15T07:00', '2024-02-15T08:00', '2024-02-15T09:00', '2024-02-15T10:00', '2024-02-15T11:00', '2024-02-15T12:00', '2024-02-15T13:00', '2024-02-15T14:00', '2024-02-15T15:00', '2024-02-15T16:00', '2024-02-15T17:00', '2024-02-15T18:00', '2024-02-15T19:00', '2024-02-15T20:00', '2024-02-15T21:00', '2024-02-15T22:00', '2024-02-15T23:00', '2024-02-16T00:00', '2024-02-16T01:00', '2024-02-16T02:00', '2024-02-16T03:00', '2024-02-16T04:00', '2024-02-16T05:00', '2024-02-16T06:00', '2024-02-16T07:00', '2024-02-16T08:00', '2024-02-16T09:00', '2024-02-16T10:00', '2024-02-16T11:00', '2024-02-16T12:00', '2024-02-16T13:00', '2024-02-16T14:00', '2024-02-16T15:00', '2024-02-16T16:00', '2024-02-16T17:00', '2024-02-16T18:00', '2024-02-16T19:00', '2024-02-16T20:00', '2024-02-16T21:00', '2024-02-16T22:00', '2024-02-16T23:00', '2024-02-17T00:00', '2024-02-17T01:00', '2024-02-17T02:00', '2024-02-17T03:00', '2024-02-17T04:00', '2024-02-17T05:00', '2024-02-17T06:00', '2024-02-17T07:00', '2024-02-17T08:00', '2024-02-17T09:00', '2024-02-17T10:00', '2024-02-17T11:00', '2024-02-17T12:00', '2024-02-17T13:00', '2024-02-17T14:00', '2024-02-17T15:00', '2024-02-17T16:00', '2024-02-17T17:00', '2024-02-17T18:00', '2024-02-17T19:00', '2024-02-17T20:00', '2024-02-17T21:00', '2024-02-17T22:00', '2024-02-17T23:00', '2024-02-18T00:00', '2024-02-18T01:00', '2024-02-18T02:00', '2024-02-18T03:00', '2024-02-18T04:00', '2024-02-18T05:00', '2024-02-18T06:00', '2024-02-18T07:00', '2024-02-18T08:00', '2024-02-18T09:00', '2024-02-18T10:00', '2024-02-18T11:00', '2024-02-18T12:00', '2024-02-18T13:00', '2024-02-18T14:00', '2024-02-18T15:00', '2024-02-18T16:00', '2024-02-18T17:00', '2024-02-18T18:00', '2024-02-18T19:00', '2024-02-18T20:00', '2024-02-18T21:00', '2024-02-18T22:00', '2024-02-18T23:00', '2024-02-19T00:00', '2024-02-19T01:00', '2024-02-19T02:00', '2024-02-19T03:00', '2024-02-19T04:00', '2024-02-19T05:00', '2024-02-19T06:00', '2024-02-19T07:00', '2024-02-19T08:00', '2024-02-19T09:00', '2024-02-19T10:00', '2024-02-19T11:00', '2024-02-19T12:00', '2024-02-19T13:00', '2024-02-19T14:00', '2024-02-19T15:00', '2024-02-19T16:00', '2024-02-19T17:00', '2024-02-19T18:00', '2024-02-19T19:00', '2024-02-19T20:00', '2024-02-19T21:00', '2024-02-19T22:00', '2024-02-19T23:00', '2024-02-20T00:00', '2024-02-20T01:00', '2024-02-20T02:00', '2024-02-20T03:00', '2024-02-20T04:00', '2024-02-20T05:00', '2024-02-20T06:00', '2024-02-20T07:00', '2024-02-20T08:00', '2024-02-20T09:00', '2024-02-20T10:00', '2024-02-20T11:00', '2024-02-20T12:00', '2024-02-20T13:00', '2024-02-20T14:00', '2024-02-20T15:00', '2024-02-20T16:00', '2024-02-20T17:00', '2024-02-20T18:00', '2024-02-20T19:00', '2024-02-20T20:00', '2024-02-20T21:00', '2024-02-20T22:00', '2024-02-20T23:00']",iso8601,"['2024-02-14', '2024-02-15', '2024-02-16', '2024-02-17', '2024-02-18', '2024-02-19', '2024-02-20']"
relativehumidity_2m,38.90618,-119.98674,1.2379884719848633,0,UTC,UTC,1926.0,%,"[58, 68, 77, 78, 66, 55, 54, 57, 54, 48, 46, 46, 44, 48, 59, 61, 66, 52, 54, 59, 61, 63, 67, 73, 72, 64, 77, 83, 82, 84, 90, 94, 87, 78, 86, 92, 86, 84, 88, 86, 83, 90, 86, 89, 92, 88, 83, 79, 81, 80, 82, 84, 84, 84, 84, 84, 83, 84, 84, 84, 83, 82, 82, 82, 77, 87, 90, 88, 88, 86, 83, 80, 84, 82, 82, 82, 85, 86, 86, 87, 88, 88, 89, 86, 85, 85, 86, 83, 78, 75, 73, 70, 67, 60, 61, 64, 74, 81, 84, 88, 86, 88, 90, 88, 90, 93, 92, 81, 82, 79, 75, 78, 69, 56, 48, 44, 42, 42, 42, 42, 45, 51, 59, 65, 68, 69, 69, 68, 66, 65, 66, 67, 71, 78, 87, 94, 97, 99, 100, 100, 100, 100, 100, 100, 100, 100, 100, 100, 99, 99, 98, 97, 96, 96, 96, 96, 97, 98, 98, 99, 99, 99, 99, 98, 96, 95, 96, 97]",,
dewpoint_2m,38.90618,-119.98674,1.2379884719848633,0,UTC,UTC,1926.0,°C,"[-3.7, -3.1, -3.4, -4.8, -7.5, -9.6, -9.6, -9.4, -10.4, -11.8, -12.3, -12.4, -12.8, -12.1, -9.5, -8.0, -5.7, -7.0, -5.6, -4.3, -3.3, -2.2, -1.7, -1.4, -1.9, -3.9, -3.2, -3.4, -4.5, -4.4, -3.2, -2.7, -4.4, -6.5, -4.3, -3.4, -4.2, -5.4, -4.1, -4.3, -4.1, -2.9, -2.3, -1.1, -0.4, -0.8, -1.4, -2.0, -1.7, -2.5, -4.7, -4.5, -4.2, -4.0, -3.9, -4.2, -4.0, -4.4, -4.8, -5.1, -5.0, -5.3, -5.6, -5.4, -3.8, -0.9, -0.1, 0.2, 1.2, 1.4, 1.3, 1.0, 1.5, -0.0, -1.5, -2.1, -2.0, -2.4, -2.3, -2.4, -2.5, -2.2, -2.6, -2.5, -2.4, -2.7, -2.8, -2.7, -2.8, -2.3, -1.7, -1.7, -1.5, -2.2, -2.1, -1.5, -0.5, 0.1, 0.1, 0.2, -0.3, -0.5, -0.4, -0.8, -0.7, -0.5, -0.6, -2.3, -3.4, -4.0, -4.5, -5.0, -5.3, -6.7, -7.4, -7.8, -8.1, -7.8, -7.4, -7.2, -6.3, -5.2, -4.1, -3.6, -3.6, -3.9, -4.3, -4.6, -4.8, -5.0, -5.0, -5.1, -4.7, -4.0, -3.2, -2.5, -2.0, -1.2, -0.6, -0.2, 0.2, 0.4, 0.5, 0.6, 0.5, 0.5, 0.4, 0.2, -0.2, -0.6, -1.3, -2.4, -3.7, -4.3, -3.7, -2.5, -1.7, -2.1, -3.0, -3.2, -2.2, -0.5, 0.8, 1.2, 1.1, 1.0, 1.1, 1.0]",,
apparent_temperature,38.90618,-119.98674,1.2379884719848633,0,UTC,UTC,1926.0,°C,"[-1.6, -2.6, -3.6, -5.4, -6.2, -6.0, -5.3, -6.0, -6.7, -6.7, -6.8, -6.9, -7.2, -7.0, -7.5, -6.6, -5.6, -3.8, -2.5, -1.7, -0.7, -1.6, -3.3, -4.7, -4.6, -5.3, -6.3, -6.1, -6.8, -7.0, -5.9, -5.9, -7.5, -8.2, -6.2, -7.5, -7.4, -8.4, -7.9, -7.4, -7.0, -6.8, -6.0, -5.9, -5.1, -4.1, -3.1, -2.5, -2.2, -3.1, -6.0, -6.1, -5.8, -5.5, -5.4, -5.7, -5.4, -5.9, -6.2, -6.5, -6.2, -6.3, -6.5, -6.2, -3.3, -1.7, -1.3, -0.3, 0.5, 1.3, 1.5, 1.8, 1.4, -0.1, -1.9, -2.1, -2.7, -3.4, -3.1, -3.8, -3.9, -3.6, -4.4, -3.7, -2.9, -3.7, -4.2, -3.6, -2.8, -1.7, -0.6, 0.1, 1.8, 1.0, 0.9, 1.0, -0.2, 0.1, -0.8, -1.1, -1.4, -1.6, -1.9, -2.2, -2.5, -3.1, -4.1, -6.9, -9.6, -8.8, -8.0, -7.5, -5.6, -4.2, -2.7, -1.8, -0.9, -0.2, 0.5, 0.8, 1.1, 0.6, -0.3, -1.2, -1.9, -2.5, -3.0, -3.0, -3.0, -3.0, -3.3, -3.6, -4.0, -4.5, -5.0, -5.2, -4.9, -4.3, -3.7, -3.3, -2.8, -2.4, -2.1, -2.0, -2.2, -2.2, -2.3, -2.6, -2.8, -3.3, -4.2, -5.3, -6.5, -7.1, -6.4, -5.0, -4.2, -4.7, -5.7, -6.1, -5.0, -3.3, -2.0, -1.4, -0.7, -0.4, -0.6, -1.0]",,
pressure_msl,38.90618,-119.98674,1.2379884719848633,0,UTC,UTC,1926.0,hPa,"[1017.0, 1016.5, 1016.3, 1017.5, 1016.9, 1016.9, 1017.2, 1017.0, 1016.8, 1016.2, 1015.8, 1015.5, 1015.0, 1015.2, 1016.0, 1016.6, 1016.4, 1016.2, 1016.7, 1016.6, 1015.9, 1015.7, 1015.7, 1015.0, 1014.5, 1013.3, 1014.2, 1014.6, 1014.9, 1015.2, 1015.7, 1016.6, 1017.2, 1017.9, 1018.8, 1019.2, 1019.4, 1019.5, 1020.1, 1021.0, 1022.3, 1023.2, 1023.5, 1023.7, 1023.1, 1022.1, 1021.7, 1021.3, 1021.2, 1021.8, 1022.7, 1023.0, 1023.1, 1023.3, 1023.4, 1023.2, 1023.2, 1022.9, 1022.7, 1022.2, 1021.8, 1021.5, 1021.4, 1021.5, 1021.1, 1020.3, 1019.7, 1019.1, 1018.6, 1017.5, 1017.6, 1017.2, 1017.1, 1017.2, 1017.2, 1017.8, 1017.8, 1017.8, 1018.5, 1017.7, 1016.6, 1016.9, 1017.1, 1016.7, 1016.4, 1016.3, 1014.4, 1015.1, 1015.3, 1014.4, 1013.9, 1013.7, 1013.4, 1012.1, 1011.8, 1011.6, 1009.9, 1010.6, 1010.8, 1011.5, 1012.0, 1012.5, 1011.7, 1011.5, 1010.7, 1011.1, 1012.4, 1013.2, 1013.7, 1014.4, 1014.9, 1015.9, 1016.3, 1015.4, 1014.7, 1014.2, 1013.7, 1013.2, 1012.5, 1011.9, 1011.5, 1011.6, 1012.1, 1012.5, 1012.8, 1013.1, 1013.1, 1012.5, 1011.7, 1010.8, 1010.0, 1009.1, 1008.5, 1008.2, 1008.1, 1008.3, 1008.9, 1009.7, 1010.2, 1010.3, 1010.1, 1009.8, 1009.5, 1009.1, 1008.9, 1009.2, 1009.6, 1010.1, 1010.5, 1010.8, 1011.1, 1011.4, 1011.6, 1011.8, 1011.9, 1011.9, 1012.1, 1012.6, 1013.2, 1013.7, 1013.8, 1013.7, 1013.7, 1013.8, 1014.0, 1014.3, 1014.7, 1015.2]",,
cloudcover,38.90618,-119.98674,1.2379884719848633,0,UTC,UTC,1926.0,%,"[100, 45, 0, 0, 0, 0, 0, 44, 34, 0, 9, 100, 100, 100, 100, 100, 100, 100, 100, 100, 100, 100, 100, 4, 5, 0, 6, 75, 14, 70, 100, 100, 40, 100, 100, 100, 100, 100, 100, 100, 100, 100, 100, 100, 100, 100, 100, 100, 100, 100, 100, 100, 100, 100, 100, 100, 100, 100, 100, 93, 100, 97, 85, 100, 100, 100, 100, 100, 100, 100, 100, 100, 100, 100, 100, 100, 100, 100, 100, 100, 100, 100, 100, 100, 100, 100, 100, 100, 100, 100, 100, 100, 100, 100, 100, 100, 100, 100, 100, 100, 100, 100, 100, 100, 100, 100, 100, 69, 13, 100, 100, 51, 14, 0, 0, 11, 22, 33, 26, 18, 11, 34, 56, 79, 78, 76, 75, 83, 92, 100, 100, 100, 100, 100, 100, 100, 100, 100, 100, 100, 100, 100, 100, 100, 100, 100, 100, 100, 100, 100, 100, 100, 100, 100, 100, 100, 100, 100, 100, 100, 100, 100, 100, 100, 100, 100, 100, 100]",,
cloudcover_low,38.90618,-119.98674,1.2379884719848633,0,UTC,UTC,1926.0,%,"[0, 0, 0, 0, 0, 0, 0, 0, 0, 0, 0, 0, 0, 0, 0, 0, 0, 0, 20, 37, 37, 3, 4, 4, 5, 0, 0, 3, 14, 5, 66, 77, 11, 1, 100, 100, 100, 100, 100, 100, 100, 100, 51, 63, 98, 100, 100, 100, 100, 99, 55, 10, 10, 14, 15, 10, 5, 5, 5, 5, 5, 5, 5, 0, 0, 0, 5, 5, 16, 52, 36, 24, 38, 5, 5, 5, 10, 10, 10, 10, 5, 5, 5, 5, 10, 10, 10, 10, 5, 10, 14, 5, 10, 70, 75, 100, 87, 37, 100, 100, 30, 61, 100, 72, 100, 100, 100, 65, 9, 100, 100, 48, 10, 0, 0, 0, 0, 0, 1, 2, 3, 2, 1, 0, 0, 0, 0, 0, 0, 0, 0, 0, 0, 33, 67, 100, 100, 100, 100, 100, 100, 100, 100, 100, 100, 100, 100, 100, 100, 100, 100, 80, 61, 41, 61, 80, 100, 100, 100, 100, 100, 100, 100, 100, 100, 100, 98, 97]",,
cloudcover_mid,38.90618,-119.98674,1.2379884719848633,0,UTC,UTC,1926.0,%,"[100, 45, 0, 0, 0, 0, 0, 0, 0, 0, 0, 93, 100, 100, 100, 100, 100, 100, 100, 100, 100, 15, 0, 0, 0, 0, 1, 8, 1, 11, 100, 100, 40, 100, 0, 0, 0, 0, 0, 4, 18, 3, 1, 100, 33, 5, 10, 5, 65, 100, 87, 100, 100, 100, 100, 100, 100, 100, 100, 73, 98, 74, 56, 100, 72, 100, 100, 100, 100, 84, 100, 100, 100, 100, 100, 100, 100, 91, 100, 100, 100, 100, 100, 100, 100, 100, 100, 100, 100, 100, 100, 100, 100, 100, 100, 100, 100, 100, 100, 100, 100, 100, 100, 100, 100, 100, 100, 0, 5, 0, 5, 5, 5, 0, 0, 0, 0, 0, 1, 1, 2, 3, 4, 5, 13, 20, 28, 49, 69, 90, 83, 77, 70, 80, 90, 100, 100, 100, 100, 100, 100, 100, 100, 100, 100, 100, 100, 100, 93, 87, 80, 77, 75, 72, 81, 91, 100, 89, 79, 68, 71, 74, 77, 85, 92, 100, 100, 100]",,
cloudcover_high,38.90618,-119.98674,1.2379884719848633,0,UTC,UTC,1926.0,%,"[0, 0, 0, 0, 0, 0, 0, 44, 34, 0, 9, 100, 100, 100, 100, 100, 100, 100, 100, 100, 100, 100, 100, 1, 0, 0, 6, 75, 12, 70, 100, 6, 0, 0, 99, 74, 1, 0, 0, 4, 45, 100, 100, 100, 100, 60, 85, 100, 100, 57, 100, 100, 100, 100, 100, 100, 100, 100, 49, 71, 100, 95, 76, 100, 100, 100, 100, 100, 100, 100, 100, 100, 100, 100, 100, 100, 100, 100, 100, 100, 100, 57, 100, 100, 100, 100, 100, 100, 100, 0, 5, 100, 100, 100, 5, 5, 100, 100, 100, 100, 100, 100, 100, 100, 100, 100, 100, 0, 0, 0, 0, 0, 0, 0, 0, 11, 22, 33, 23, 13, 3, 28, 52, 77, 76, 75, 74, 83, 91, 100, 100, 100, 100, 100, 100, 100, 100, 100, 100, 100, 100, 100, 100, 100, 100, 89, 79, 68, 79, 89, 100, 100, 100, 100, 90, 79, 69, 54, 38, 23, 21, 18, 16, 36, 56, 76, 84, 92]",,
windspeed_10m,38.90618,-119.98674,1.2379884719848633,0,UTC,UTC,1926.0,km/h,"[18.7, 15.0, 7.7, 8.0, 7.9, 7.4, 4.3, 4.9, 7.6, 7.2, 7.9, 8.2, 10.9, 7.0, 12.2, 14.0, 17.9, 18.2, 16.9, 13.4, 10.9, 25.5, 35.4, 36.7, 33.1, 33.4, 28.5, 18.0, 15.8, 15.3, 10.6, 10.6, 15.3, 14.3, 8.5, 18.2, 17.6, 17.1, 19.4, 16.7, 18.1, 19.1, 22.3, 27.7, 25.1, 19.2, 13.0, 9.4, 7.3, 7.6, 8.1, 8.5, 8.2, 7.9, 8.0, 8.0, 8.3, 7.6, 6.8, 6.0, 5.9, 5.8, 5.1, 4.1, 2.3, 2.8, 3.9, 1.3, 3.9, 1.8, 4.0, 2.6, 4.0, 5.2, 5.0, 1.9, 3.3, 4.2, 2.5, 6.1, 4.5, 4.7, 5.6, 5.0, 2.3, 5.1, 5.8, 5.9, 6.4, 5.8, 6.3, 5.2, 5.4, 10.2, 10.1, 9.0, 11.6, 5.2, 8.3, 6.3, 7.1, 4.2, 5.1, 6.3, 7.1, 9.0, 16.1, 34.6, 42.8, 36.3, 31.8, 20.9, 17.3, 15.9, 15.3, 14.3, 13.5, 12.3, 9.5, 6.0, 4.2, 4.0, 5.0, 6.1, 6.6, 6.8, 6.8, 6.6, 6.9, 7.4, 7.9, 8.2, 8.6, 8.1, 7.4, 7.0, 6.6, 6.6, 6.5, 6.3, 6.2, 5.4, 4.0, 3.8, 4.7, 4.1, 4.2, 5.2, 4.4, 4.4, 5.9, 5.9, 4.7, 4.0, 3.8, 3.7, 3.6, 3.4, 3.1, 2.7, 2.9, 4.7, 6.2, 6.2, 5.1, 3.6, 2.0, 3.4]",,
windspeed_80m,38.90618,-119.98674,1.2379884719848633,0,UTC,UTC,1926.0,km/h,"[26.8, 21.4, 15.4, 14.2, 12.0, 13.3, 11.6, 11.2, 12.3, 9.7, 10.4, 10.2, 8.4, 19.9, 32.4, 33.7, 31.6, 29.2, 22.7, 18.2, 16.3, 50.1, 66.5, 64.2, 58.3, 58.2, 53.5, 39.3, 34.8, 39.0, 33.6, 28.2, 35.1, 43.0, 14.6, 40.5, 39.5, 20.2, 18.4, 24.9, 27.6, 27.6, 31.7, 14.5, 12.3, 9.4, 7.1, 6.5, 5.2, 3.1, 4.3, 7.4, 6.6, 4.1, 3.2, 3.0, 2.9, 4.1, 7.7, 7.1, 6.4, 6.2, 6.8, 6.6, 7.1, 5.2, 4.8, 1.1, 1.5, 8.0, 3.1, 8.3, 9.1, 10.6, 10.5, 7.4, 8.6, 10.5, 3.0, 10.0, 13.9, 9.2, 6.3, 4.0, 7.0, 5.6, 16.9, 15.5, 9.9, 6.5, 7.5, 14.5, 19.6, 24.9, 21.4, 24.8, 31.0, 35.8, 35.3, 36.6, 27.8, 26.6, 30.8, 26.8, 23.7, 46.2, 45.0, 41.4, 30.1, 31.9, 22.8, 19.0, 14.8, 13.8, 13.8, 13.1, 13.1, 12.2, 10.2, 8.4, 8.2, 10.5, 14.5, 17.6, 17.6, 15.6, 14.6, 14.4, 14.7, 15.8, 18.9, 23.2, 24.8, 20.7, 13.8, 10.0, 12.6, 19.4, 25.1, 28.8, 31.6, 32.5, 29.7, 25.1, 22.1, 21.5, 22.9, 25.7, 30.6, 36.2, 39.9, 39.7, 37.3, 35.7, 35.5, 35.7, 36.0, 36.1, 35.9, 36.1, 37.2, 38.6, 37.8, 33.7, 27.3, 21.7, 17.0, 12.6]",,
windspeed_120m,38.90618,-119.98674,1.2379884719848633,0,UTC,UTC,1926.0,km/h,"[13.7, 9.8, 5.5, 5.3, 6.4, 7.1, 5.5, 6.1, 6.5, 6.4, 7.4, 8.3, 7.9, 9.0, 9.3, 12.2, 12.8, 15.0, 19.7, 23.4, 26.8, 27.2, 37.7, 43.5, 46.1, 49.3, 28.9, 32.9, 34.2, 33.5, 21.4, 25.0, 28.2, 25.4, 24.5, 24.5, 21.8, 15.1, 13.5, 14.9, 16.1, 19.9, 16.5, 15.3, 13.1, 10.1, 7.7, 6.7, 5.4, 3.6, 4.2, 6.7, 5.6, 2.8, 2.1, 2.0, 1.9, 3.1, 6.8, 6.0, 5.3, 4.9, 5.8, 5.5, 6.8, 4.8, 5.8, 1.9, 1.3, 7.9, 2.5, 7.8, 8.9, 10.2, 10.4, 6.3, 7.4, 9.4, 1.3, 9.4, 13.9, 8.3, 6.6, 1.8, 6.8, 5.6, 17.1, 15.7, 11.8, 7.8, 8.9, 16.7, 21.8, 27.6, 23.4, 27.9, 33.8, 39.2, 39.4, 39.7, 30.6, 29.8, 34.1, 29.5, 26.0, 50.8, 48.7, 44.4, 32.6, 34.7, 25.2, 20.9, 16.2, 14.9, 14.9, 14.2, 13.9, 12.9, 10.8, 9.3, 9.0, 11.0, 14.8, 17.6, 16.6, 14.2, 13.0, 12.9, 13.6, 15.3, 19.8, 25.0, 27.1, 22.7, 15.4, 11.2, 14.2, 21.3, 27.4, 31.7, 34.5, 35.5, 32.6, 27.8, 24.4, 23.8, 25.1, 28.1, 33.0, 39.7, 43.7, 43.6, 41.8, 40.2, 39.9, 40.2, 40.1, 40.2, 40.4, 40.7, 41.4, 42.5, 41.3, 36.6, 30.1, 24.0, 18.8, 14.0]",,
windspeed_180m,38.90618,-119.98674,1.2379884719848633,0,UTC,UTC,1926.0,km/h,"[16.9, 15.4, 12.8, 10.6, 10.9, 12.2, 13.1, 12.1, 11.7, 14.2, 13.7, 14.2, 14.2, 15.0, 15.4, 16.3, 19.0, 21.4, 25.7, 39.3, 48.9, 50.1, 54.3, 55.5, 51.7, 39.6, 31.6, 27.1, 27.1, 40.6, 34.5, 43.7, 40.0, 31.8, 34.0, 36.9, 35.8, 32.8, 28.8, 26.9, 25.1, 21.6, 21.9, 19.8, 19.0, 20.8, 16.2, 14.3, 10.9, 7.1, 4.0, 3.9, 5.6, 6.3, 8.2, 6.6, 8.9, 7.0, 4.9, 6.9, 4.7, 5.0, 3.4, 2.9, 3.4, 4.1, 6.2, 3.1, 3.0, 1.8, 1.1, 2.3, 2.2, 2.3, 3.2, 3.9, 2.3, 2.3, 3.6, 3.2, 6.4, 9.3, 10.4, 10.9, 11.1, 11.2, 12.0, 12.5, 12.0, 11.7, 13.5, 19.7, 28.0, 34.2, 36.4, 36.7, 35.7, 32.8, 28.8, 26.8, 27.9, 31.3, 34.3, 36.9, 39.8, 42.8, 47.7, 52.9, 54.0, 47.6, 36.7, 28.5, 25.2, 24.0, 23.6, 9.5, 14.9, 18.7, 19.6, 18.7, 17.9, 17.4, 16.6, 15.9, 15.0, 14.8, 14.7, 14.2, 12.9, 12.3, 12.4, 13.4, 14.9, 15.3, 16.4, 19.9, 28.2, 38.7, 47.5, 52.2, 54.7, 56.1, 57.1, 56.8, 55.4, 51.7, 46.5, 41.4, 37.1, 33.0, 28.5, 23.2, 17.7, 13.2, 10.0, 7.9, 6.6, 5.9, 5.9, 6.1, 6.9, 8.0, 10.2, 14.3, 20.3, 24.7, 26.7, 27.5]",,
winddirection_10m,38.90618,-119.98674,1.2379884719848633,0,UTC,UTC,1926.0,°,"[240, 226, 208, 172, 150, 166, 185, 163, 155, 153, 150, 128, 98, 125, 223, 224, 218, 219, 220, 207, 224, 228, 226, 226, 227, 223, 227, 233, 258, 236, 235, 242, 221, 231, 126, 236, 226, 134, 125, 174, 197, 212, 231, 240, 243, 247, 256, 252, 259, 265, 257, 258, 255, 267, 278, 275, 272, 275, 270, 245, 256, 274, 266, 255, 219, 140, 124, 56, 56, 79, 80, 56, 63, 65, 69, 68, 103, 149, 180, 152, 151, 148, 165, 240, 72, 188, 112, 137, 128, 83, 103, 124, 132, 138, 178, 119, 150, 102, 214, 149, 204, 211, 231, 193, 165, 164, 196, 226, 228, 230, 223, 226, 225, 232, 243, 252, 261, 265, 261, 245, 211, 175, 150, 140, 139, 148, 148, 139, 129, 119, 114, 113, 112, 111, 113, 111, 112, 112, 109, 103, 97, 94, 117, 163, 184, 165, 121, 106, 125, 171, 191, 191, 184, 175, 163, 151, 143, 148, 159, 157, 120, 90, 80, 80, 82, 90, 135, 198]",,
winddirection_80m,38.90618,-119.98674,1.2379884719848633,0,UTC,UTC,1926.0,°,"[239, 222, 213, 187, 164, 183, 202, 176, 175, 180, 180, 172, 200, 228, 220, 215, 210, 213, 216, 205, 225, 230, 228, 226, 226, 220, 225, 228, 246, 227, 228, 247, 238, 240, 237, 241, 237, 202, 149, 185, 202, 213, 230, 222, 218, 212, 204, 174, 192, 201, 132, 113, 99, 105, 117, 104, 97, 105, 101, 120, 106, 111, 108, 119, 120, 146, 207, 252, 135, 100, 135, 95, 97, 100, 96, 104, 105, 106, 104, 111, 100, 121, 156, 85, 125, 135, 102, 118, 170, 180, 197, 187, 174, 176, 172, 179, 149, 159, 157, 167, 163, 178, 164, 160, 160, 176, 203, 207, 212, 207, 198, 195, 183, 189, 200, 201, 201, 199, 190, 170, 142, 112, 96, 90, 91, 98, 106, 112, 118, 125, 132, 137, 139, 139, 137, 142, 160, 169, 173, 171, 169, 167, 169, 173, 174, 170, 164, 160, 159, 159, 160, 162, 165, 168, 169, 171, 171, 171, 169, 168, 168, 168, 168, 170, 172, 174, 176, 177]",,
winddirection_120m,38.90618,-119.98674,1.2379884719848633,0,UTC,UTC,1926.0,°,"[234, 236, 217, 155, 121, 141, 160, 166, 164, 204, 160, 159, 193, 215, 189, 155, 167, 202, 204, 204, 207, 201, 193, 197, 201, 201, 209, 198, 192, 211, 248, 240, 230, 233, 237, 234, 226, 214, 215, 220, 215, 218, 219, 222, 218, 213, 205, 174, 196, 204, 142, 119, 101, 113, 135, 112, 101, 111, 103, 128, 115, 117, 117, 132, 131, 157, 215, 259, 146, 101, 153, 95, 99, 103, 98, 111, 110, 111, 214, 116, 102, 131, 183, 90, 135, 169, 105, 123, 182, 188, 199, 188, 174, 175, 172, 178, 149, 160, 158, 167, 164, 178, 164, 161, 161, 176, 203, 208, 211, 207, 199, 195, 184, 189, 200, 201, 202, 200, 190, 171, 145, 116, 97, 91, 95, 107, 119, 125, 128, 132, 137, 139, 140, 141, 142, 148, 163, 170, 172, 171, 168, 167, 169, 172, 175, 171, 165, 160, 159, 159, 160, 162, 165, 168, 170, 171, 172, 171, 169, 167, 167, 168, 168, 170, 172, 174, 176, 177]",,
winddirection_180m,38.90618,-119.98674,1.2379884719848633,0,UTC,UTC,1926.0,°,"[258, 259, 260, 252, 253, 251, 249, 247, 252, 254, 247, 243, 243, 240, 237, 239, 241, 241, 233, 233, 227, 234, 228, 230, 227, 229, 229, 221, 240, 238, 247, 249, 241, 252, 250, 243, 249, 247, 250, 247, 245, 244, 250, 245, 245, 256, 253, 252, 253, 246, 260, 236, 225, 204, 255, 257, 256, 249, 253, 276, 270, 300, 328, 83, 108, 105, 126, 111, 104, 169, 252, 252, 180, 219, 243, 248, 231, 141, 135, 180, 223, 234, 236, 236, 234, 228, 219, 213, 213, 214, 214, 211, 209, 209, 212, 215, 217, 218, 217, 216, 216, 215, 216, 219, 222, 224, 222, 220, 219, 219, 221, 223, 222, 220, 219, 191, 200, 203, 200, 196, 190, 186, 180, 174, 163, 151, 144, 144, 150, 159, 172, 185, 195, 207, 218, 221, 215, 210, 208, 207, 207, 208, 210, 213, 214, 215, 215, 214, 214, 212, 209, 208, 207, 206, 210, 219, 229, 232, 232, 230, 223, 216, 219, 229, 237, 239, 238, 236]",,
windgusts_10m,38.90618,-119.98674,1.2379884719848633,0,UTC,UTC,1926.0,km/h,"[32.4, 27.4, 25.2, 16.9, 15.8, 13.3, 11.5, 11.2, 12.2, 9.7, 10.4, 10.1, 21.6, 19.8, 32.4, 39.2, 38.2, 37.1, 35.3, 37.8, 43.9, 69.1, 79.9, 78.5, 76.7, 76.3, 70.9, 48.6, 41.8, 48.6, 43.9, 42.1, 58.7, 64.4, 53.3, 58.7, 59.0, 56.2, 40.3, 33.1, 34.6, 38.9, 41.4, 20.9, 18.4, 14.0, 10.8, 7.9, 6.5, 1.8, 5.8, 6.8, 6.8, 6.5, 6.1, 6.1, 6.1, 6.1, 7.2, 7.2, 7.2, 7.2, 7.6, 7.6, 6.5, 5.0, 2.5, 0.7, 1.8, 7.9, 2.5, 8.3, 9.4, 10.4, 8.6, 7.2, 7.6, 7.9, 7.2, 8.6, 13.0, 7.9, 6.8, 6.5, 7.2, 7.6, 14.8, 13.0, 5.8, 4.0, 6.8, 29.5, 38.9, 43.6, 46.1, 49.0, 52.6, 54.7, 54.4, 54.0, 54.7, 52.6, 52.9, 56.2, 61.6, 63.0, 52.9, 51.5, 43.2, 38.9, 35.3, 33.1, 29.2, 34.6, 33.5, 30.2, 25.9, 22.0, 18.4, 15.1, 13.3, 14.0, 15.8, 16.9, 15.1, 12.6, 10.8, 10.4, 11.2, 14.4, 24.1, 36.4, 42.8, 36.4, 24.5, 18.7, 27.0, 42.1, 53.3, 56.2, 55.1, 53.3, 51.5, 49.0, 47.2, 46.1, 45.4, 45.7, 48.2, 51.8, 54.7, 56.2, 57.2, 57.6, 57.6, 56.9, 56.2, 55.4, 54.7, 54.0, 53.3, 52.2, 50.8, 49.0, 46.8, 43.6, 38.2, 31.7]",,
shortwave_radiation,38.90618,-119.98674,1.2379884719848633,0,UTC,UTC,1926.0,W/m²,"[341.0, 166.0, 0.0, 0.0, 0.0, 0.0, 0.0, 0.0, 0.0, 0.0, 0.0, 0.0, 0.0, 0.0, 0.0, 0.0, 48.0, 111.0, 262.0, 265.0, 274.0, 617.0, 632.0, 522.0, 346.0, 140.0, 0.0, 0.0, 0.0, 0.0, 0.0, 0.0, 0.0, 0.0, 0.0, 0.0, 0.0, 0.0, 0.0, 0.0, 34.0, 121.0, 413.0, 422.0, 521.0, 470.0, 443.0, 405.0, 221.0, 94.0, 10.0, 0.0, 0.0, 0.0, 0.0, 0.0, 0.0, 0.0, 0.0, 0.0, 0.0, 0.0, 0.0, 0.0, 60.0, 207.0, 285.0, 448.0, 457.0, 433.0, 410.0, 250.0, 204.0, 100.0, 11.0, 0.0, 0.0, 0.0, 0.0, 0.0, 0.0, 0.0, 0.0, 0.0, 0.0, 0.0, 0.0, 0.0, 39.0, 66.0, 246.0, 204.0, 673.0, 492.0, 481.0, 234.0, 138.0, 64.0, 6.0, 0.0, 0.0, 0.0, 0.0, 0.0, 0.0, 0.0, 0.0, 0.0, 0.0, 0.0, 0.0, 6.0, 120.0, 294.0, 442.0, 561.0, 641.0, 667.0, 637.0, 549.0, 399.0, 204.0, 44.0, 0.0, 0.0, 0.0, 0.0, 0.0, 0.0, 0.0, 0.0, 0.0, 0.0, 0.0, 0.0, 3.0, 43.0, 103.0, 152.0, 189.0, 208.0, 204.0, 169.0, 120.0, 81.0, 51.0, 15.0, 0.0, 0.0, 0.0, 0.0, 0.0, 0.0, 0.0, 0.0, 0.0, 0.0, 0.0, 0.0, 9.0, 120.0, 283.0, 421.0, 530.0, 599.0, 604.0, 535.0, 416.0]",,
direct_radiation,38.90618,-119.98674,1.2379884719848633,0,UTC,UTC,1926.0,W/m²,"[215.0, 76.0, 0.0, 0.0, 0.0, 0.0, 0.0, 0.0, 0.0, 0.0, 0.0, 0.0, 0.0, 0.0, 0.0, 0.0, 0.0, 0.0, 0.0, 0.0, 0.0, 220.0, 546.0, 418.0, 284.0, 80.0, 0.0, 0.0, 0.0, 0.0, 0.0, 0.0, 0.0, 0.0, 0.0, 0.0, 0.0, 0.0, 0.0, 0.0, 0.0, 0.0, 169.0, 214.0, 269.0, 241.0, 242.0, 262.0, 118.0, 49.0, 5.0, 0.0, 0.0, 0.0, 0.0, 0.0, 0.0, 0.0, 0.0, 0.0, 0.0, 0.0, 0.0, 0.0, 31.0, 109.0, 142.0, 229.0, 223.0, 216.0, 208.0, 117.0, 101.0, 51.0, 6.0, 0.0, 0.0, 0.0, 0.0, 0.0, 0.0, 0.0, 0.0, 0.0, 0.0, 0.0, 0.0, 0.0, 19.0, 28.0, 116.0, 88.0, 595.0, 248.0, 250.0, 109.0, 62.0, 29.0, 3.0, 0.0, 0.0, 0.0, 0.0, 0.0, 0.0, 0.0, 0.0, 0.0, 0.0, 0.0, 0.0, 5.0, 100.0, 246.0, 368.0, 459.0, 512.0, 530.0, 520.0, 467.0, 347.0, 174.0, 36.0, 0.0, 0.0, 0.0, 0.0, 0.0, 0.0, 0.0, 0.0, 0.0, 0.0, 0.0, 0.0, 1.0, 19.0, 46.0, 67.0, 83.0, 89.0, 86.0, 69.0, 47.0, 32.0, 22.0, 7.0, 0.0, 0.0, 0.0, 0.0, 0.0, 0.0, 0.0, 0.0, 0.0, 0.0, 0.0, 0.0, 7.0, 89.0, 212.0, 311.0, 372.0, 392.0, 370.0, 308.0, 224.0]",,
diffuse_radiation,38.90618,-119.98674,1.2379884719848633,0,UTC,UTC,1926.0,W/m²,"[126.0, 90.0, 0.0, 0.0, 0.0, 0.0, 0.0, 0.0, 0.0, 0.0, 0.0, 0.0, 0.0, 0.0, 0.0, 0.0, 48.0, 111.0, 262.0, 265.0, 274.0, 397.0, 86.0, 104.0, 62.0, 60.0, 0.0, 0.0, 0.0, 0.0, 0.0, 0.0, 0.0, 0.0, 0.0, 0.0, 0.0, 0.0, 0.0, 0.0, 34.0, 121.0, 244.0, 208.0, 252.0, 229.0, 201.0, 143.0, 103.0, 45.0, 5.0, 0.0, 0.0, 0.0, 0.0, 0.0, 0.0, 0.0, 0.0, 0.0, 0.0, 0.0, 0.0, 0.0, 29.0, 98.0, 143.0, 219.0, 234.0, 217.0, 202.0, 133.0, 103.0, 49.0, 5.0, 0.0, 0.0, 0.0, 0.0, 0.0, 0.0, 0.0, 0.0, 0.0, 0.0, 0.0, 0.0, 0.0, 20.0, 38.0, 130.0, 116.0, 78.0, 244.0, 231.0, 125.0, 76.0, 35.0, 3.0, 0.0, 0.0, 0.0, 0.0, 0.0, 0.0, 0.0, 0.0, 0.0, 0.0, 0.0, 0.0, 1.0, 20.0, 48.0, 74.0, 102.0, 129.0, 137.0, 117.0, 82.0, 52.0, 30.0, 8.0, 0.0, 0.0, 0.0, 0.0, 0.0, 0.0, 0.0, 0.0, 0.0, 0.0, 0.0, 0.0, 2.0, 24.0, 57.0, 85.0, 106.0, 119.0, 118.0, 100.0, 73.0, 49.0, 29.0, 8.0, 0.0, 0.0, 0.0, 0.0, 0.0, 0.0, 0.0, 0.0, 0.0, 0.0, 0.0, 0.0, 2.0, 31.0, 71.0, 110.0, 158.0, 207.0, 234.0, 227.0, 192.0]",,
vapor_pressure_deficit,38.90618,-119.98674,1.2379884719848633,0,UTC,UTC,1926.0,kPa,"[0.34, 0.23, 0.14, 0.12, 0.18, 0.24, 0.25, 0.23, 0.24, 0.27, 0.28, 0.28, 0.29, 0.26, 0.21, 0.21, 0.21, 0.34, 0.34, 0.31, 0.31, 0.31, 0.27, 0.21, 0.21, 0.26, 0.15, 0.1, 0.1, 0.08, 0.05, 0.03, 0.07, 0.11, 0.07, 0.04, 0.07, 0.08, 0.06, 0.07, 0.09, 0.05, 0.08, 0.07, 0.05, 0.08, 0.11, 0.14, 0.13, 0.13, 0.1, 0.08, 0.09, 0.09, 0.09, 0.09, 0.09, 0.08, 0.08, 0.08, 0.09, 0.09, 0.09, 0.09, 0.14, 0.09, 0.07, 0.09, 0.09, 0.11, 0.14, 0.16, 0.13, 0.13, 0.12, 0.12, 0.09, 0.08, 0.08, 0.08, 0.07, 0.07, 0.06, 0.08, 0.09, 0.09, 0.08, 0.1, 0.14, 0.17, 0.2, 0.23, 0.27, 0.35, 0.34, 0.31, 0.21, 0.14, 0.12, 0.08, 0.1, 0.08, 0.07, 0.08, 0.06, 0.04, 0.05, 0.12, 0.1, 0.12, 0.15, 0.12, 0.19, 0.29, 0.38, 0.43, 0.46, 0.47, 0.49, 0.5, 0.47, 0.4, 0.31, 0.25, 0.22, 0.21, 0.2, 0.21, 0.22, 0.23, 0.22, 0.21, 0.18, 0.13, 0.07, 0.03, 0.02, 0.01, 0.0, 0.0, 0.0, 0.0, 0.0, 0.0, 0.0, 0.0, 0.0, 0.0, 0.01, 0.01, 0.01, 0.02, 0.02, 0.02, 0.02, 0.02, 0.02, 0.01, 0.01, 0.0, 0.01, 0.01, 0.01, 0.01, 0.03, 0.03, 0.03, 0.02]",,
evapotranspiration,38.90618,-119.98674,1.2379884719848633,0,UTC,UTC,1926.0,mm,"[0.0, -0.0, -0.0, -0.0, -0.0, -0.0, -0.0, -0.0, -0.0, -0.0, -0.0, -0.0, -0.0, -0.0, -0.0, -0.0, 0.0, 0.0, 0.0, 0.0, 0.0, 0.0, 0.0, 0.0, 0.0, 0.0, 0.0, 0.0, -0.0, 0.01, -0.0, 0.01, 0.0, 0.01, 0.0, 0.0, 0.0, -0.0, 0.0, 0.0, 0.0, 0.0, 0.0, 0.0, 0.0, 0.0, 0.0, 0.0, 0.0, 0.0, 0.0, 0.0, 0.0, 0.0, 0.0, 0.0, 0.0, 0.0, 0.0, 0.0, 0.0, 0.0, 0.0, 0.0, 0.0, 0.0, 0.0, 0.0, 0.0, 0.0, 0.0, 0.0, 0.0, 0.0, 0.0, 0.0, 0.0, 0.0, 0.0, 0.0, 0.0, 0.0, 0.0, 0.0, 0.0, 0.0, 0.0, 0.0, 0.0, 0.0, 0.0, 0.0, 0.0, 0.0, 0.0, 0.0, 0.0, 0.0, 0.0, 0.0, 0.0, 0.0, 0.0, 0.0, 0.0, 0.0, 0.0, 0.0, 0.0, 0.0, 0.0, 0.0, 0.0, 0.0, 0.0, 0.0, 0.0, 0.0, 0.0, 0.0, 0.0, 0.0, 0.0, 0.0, 0.0, 0.0, 0.0, 0.0, 0.0, 0.0, 0.0, 0.0, 0.0, 0.0, 0.0, 0.0, 0.0, 0.0, 0.0, 0.0, 0.0, 0.0, 0.0, 0.0, 0.0, 0.0, 0.0, 0.0, 0.0, 0.0, 0.0, 0.0, 0.0, 0.0, 0.0, 0.0, 0.0, 0.0, 0.0, 0.0, 0.0, 0.0, 0.0, 0.0, 0.0, 0.0, 0.0, 0.0]",,
precipitation,38.90618,-119.98674,1.2379884719848633,0,UTC,UTC,1926.0,mm,"[0.0, 0.0, 0.0, 0.0, 0.0, 0.0, 0.0, 0.0, 0.0, 0.0, 0.0, 0.0, 0.0, 0.0, 0.0, 0.0, 0.0, 0.0, 0.0, 0.0, 0.0, 0.0, 0.0, 0.0, 0.0, 0.0, 0.5, 0.4, 0.7, 1.4, 2.2, 6.8, 2.9, 1.4, 0.0, 0.0, 0.0, 0.0, 0.0, 0.4, 0.7, 0.0, 0.0, 0.0, 0.0, 0.0, 0.0, 0.0, 0.0, 0.0, 0.0, 0.0, 0.0, 0.0, 0.0, 0.0, 0.0, 0.0, 0.0, 0.0, 0.0, 0.0, 0.0, 0.0, 0.0, 0.0, 0.0, 0.0, 0.0, 0.0, 0.0, 0.0, 0.0, 0.0, 0.0, 0.0, 0.0, 0.0, 0.0, 0.0, 0.0, 0.0, 0.0, 0.0, 0.0, 0.0, 0.0, 0.0, 0.0, 0.0, 0.0, 0.0, 0.0, 0.0, 0.0, 0.0, 0.2, 0.0, 0.1, 0.3, 0.0, 0.1, 0.3, 0.0, 0.2, 0.7, 0.5, 0.1, 0.0, 0.1, 0.0, 0.0, 0.0, 0.0, 0.0, 0.0, 0.0, 0.0, 0.0, 0.0, 0.0, 0.0, 0.0, 0.0, 0.0, 0.0, 0.0, 0.0, 0.0, 0.0, 0.2, 0.2, 0.2, 0.8, 0.8, 0.8, 3.0, 3.0, 3.0, 1.8, 1.8, 1.8, 2.0, 2.0, 2.0, 0.8, 0.8, 0.8, 0.0, 0.0, 0.0, 0.0, 0.0, 0.0, 0.3, 0.3, 0.3, 0.1, 0.1, 0.1, 0.0, 0.0, 0.0, 0.0, 0.0, 0.0, 0.5, 0.5]",,
weathercode,38.90618,-119.98674,1.2379884719848633,0,UTC,UTC,1926.0,wmo code,"[3, 1, 0, 0, 0, 0, 0, 1, 1, 0, 0, 3, 3, 3, 3, 3, 3, 3, 3, 3, 3, 3, 3, 0, 0, 0, 73, 73, 73, 75, 75, 75, 75, 75, 3, 3, 3, 3, 3, 73, 73, 3, 3, 3, 45, 45, 45, 3, 45, 45, 3, 3, 3, 3, 3, 3, 3, 3, 3, 3, 3, 3, 3, 3, 3, 3, 45, 45, 45, 45, 45, 45, 45, 45, 3, 3, 3, 3, 3, 3, 3, 3, 3, 3, 3, 3, 3, 3, 3, 45, 45, 45, 45, 3, 3, 3, 71, 3, 85, 51, 45, 71, 73, 45, 71, 73, 53, 51, 45, 71, 3, 2, 0, 0, 0, 0, 1, 45, 45, 45, 45, 1, 2, 2, 2, 2, 2, 3, 3, 3, 71, 71, 71, 73, 73, 73, 75, 75, 75, 75, 75, 75, 75, 75, 75, 53, 53, 53, 3, 3, 3, 3, 3, 45, 73, 73, 73, 71, 71, 71, 3, 3, 3, 3, 3, 45, 85, 85]",wmo code,"[3, 75, 45, 45, 85, 75, 85]"
snow_height,38.90618,-119.98674,1.2379884719848633,0,UTC,UTC,1926.0,m,"[0.08, 0.08, 0.08, 0.08, 0.08, 0.08, 0.08, 0.08, 0.08, 0.08, 0.08, 0.08, 0.08, 0.08, 0.08, 0.08, 0.08, 0.08, 0.07, 0.07, 0.07, 0.07, 0.06, 0.06, 0.06, 0.06, 0.07, 0.08, 0.09, 0.1, 0.11, 0.13, 0.14, 0.14, 0.15, 0.14, 0.14, 0.14, 0.14, 0.14, 0.14, 0.14, 0.13, 0.13, 0.13, 0.12, 0.12, 0.11, 0.11, 0.11, 0.11, 0.11, 0.11, 0.1, 0.1, 0.1, 0.1, 0.1, 0.1, 0.1, 0.1, 0.1, 0.1, 0.1, 0.1, 0.1, 0.1, 0.09, 0.09, 0.09, 0.08, 0.08, 0.08, 0.08, 0.08, 0.08, 0.08, 0.07, 0.07, 0.07, 0.07, 0.07, 0.07, 0.07, 0.07, 0.07, 0.07, 0.07, 0.07, 0.06, 0.06, 0.06, 0.05, 0.05, 0.05, 0.05, 0.05, 0.05, 0.04, 0.04, 0.04, 0.04, 0.04, 0.04, 0.04, 0.04, 0.04, 0.04, 0.04, 0.04, 0.04, 0.04, 0.04, 0.04, 0.04, 0.05, 0.04, 0.04, 0.04, 0.04, 0.04, 0.04, 0.03, 0.03, 0.03, 0.03, 0.03, 0.03, 0.03, 0.03, 0.03, 0.04, 0.04, 0.04, 0.04, 0.04, 0.04, 0.04, 0.04, 0.04, 0.03, 0.03, 0.03, 0.02, 0.02, 0.02, 0.02, 0.02, 0.02, 0.02, 0.02, 0.02, 0.02, 0.02, 0.02, 0.03, 0.03, 0.03, 0.03, 0.03, 0.03, 0.03, 0.03, 0.03, 0.03, 0.03, 0.03, 0.02]",,
freezinglevel_height,38.90618,-119.98674,1.2379884719848633,0,UTC,UTC,1926.0,m,"[2230.0, 2130.0, 2070.0, 1700.0, 1610.0, 1670.0, 1700.0, 1610.0, 1560.0, 1580.0, 1580.0, 1580.0, 1600.0, 1530.0, 1530.0, 1690.0, 1910.0, 2180.0, 2180.0, 2170.0, 2200.0, 2200.0, 2160.0, 2140.0, 2160.0, 2190.0, 2070.0, 1790.0, 1650.0, 1610.0, 1650.0, 1650.0, 1530.0, 1440.0, 1570.0, 1570.0, 1600.0, 1460.0, 1570.0, 1580.0, 1680.0, 1710.0, 1880.0, 1820.0, 1870.0, 1870.0, 1880.0, 1910.0, 1960.0, 1760.0, 1230.0, 1120.0, 1250.0, 1310.0, 1320.0, 1320.0, 1400.0, 1420.0, 1380.0, 1400.0, 1430.0, 1410.0, 1330.0, 1400.0, 1930.0, 2690.0, 2670.0, 2680.0, 2690.0, 2760.0, 2650.0, 2720.0, 2760.0, 2740.0, 2290.0, 1990.0, 1990.0, 1960.0, 1530.0, 1730.0, 1660.0, 1630.0, 1550.0, 1870.0, 1630.0, 1420.0, 1840.0, 2000.0, 2560.0, 2530.0, 2470.0, 2340.0, 2260.0, 2320.0, 2160.0, 2310.0, 2220.0, 2120.0, 1980.0, 2000.0, 1900.0, 1920.0, 1940.0, 1850.0, 1880.0, 1940.0, 1900.0, 1830.0, 1680.0, 1690.0, 1650.0, 1590.0, 1630.0, 1890.0, 2020.0, 2040.0, 2070.0, 2090.0, 2120.0, 2150.0, 2180.0, 1960.0, 1730.0, 1510.0, 1390.0, 1280.0, 1160.0, 1280.0, 1410.0, 1530.0, 1660.0, 1780.0, 1910.0, 1920.0, 1920.0, 1930.0, 1960.0, 1980.0, 2010.0, 2010.0, 2010.0, 2010.0, 2040.0, 2060.0, 2090.0, 2060.0, 2030.0, 2000.0, 2040.0, 2080.0, 2120.0, 2080.0, 2040.0, 2000.0, 2000.0, 1990.0, 1990.0, 1990.0, 1980.0, 1980.0, 2030.0, 2080.0, 2130.0, 2130.0, 2140.0, 2140.0, 2080.0, 2030.0]",,
soil_temperature_0cm,38.90618,-119.98674,1.2379884719848633,0,UTC,UTC,1926.0,°C,"[6.3, 5.1, 3.8, 3.4, 3.4, 3.4, 3.3, 3.2, 3.2, 3.2, 3.2, 3.2, 3.3, 3.3, 3.3, 3.3, 3.6, 4.0, 5.1, 5.9, 6.8, 6.3, 5.3, 5.0, 4.0, 3.5, 3.4, 3.4, 3.4, 3.4, 3.4, 3.4, 3.4, 3.4, 3.4, 3.4, 3.4, 3.4, 3.4, 3.4, 3.4, 3.6, 4.2, 5.8, 6.6, 7.1, 7.0, 6.5, 5.8, 5.1, 4.3, 4.0, 3.8, 3.5, 3.4, 3.4, 3.4, 3.4, 3.4, 3.4, 3.4, 3.3, 3.3, 3.3, 3.4, 4.4, 6.2, 7.5, 8.0, 8.7, 8.3, 8.5, 7.5, 6.6, 5.7, 4.9, 4.4, 4.2, 4.0, 3.8, 3.8, 3.7, 3.7, 3.6, 3.6, 3.5, 3.3, 3.6, 4.7, 6.2, 7.3, 7.8, 8.0, 7.9, 7.6, 7.1, 6.5, 5.8, 4.9, 4.3, 4.0, 3.9, 3.9, 3.9, 4.0, 4.0, 4.0, 3.9, 3.9, 3.7, 3.5, 3.6, 4.4, 5.4, 6.2, 5.9, 6.9, 7.6, 7.6, 7.3, 6.7, 5.9, 5.0, 4.3, 4.0, 4.0, 4.0, 3.9, 3.7, 3.5, 3.5, 3.4, 3.4, 3.4, 3.3, 3.4, 3.9, 4.6, 5.2, 5.7, 6.3, 6.5, 6.2, 5.6, 5.0, 4.5, 3.9, 3.5, 3.3, 3.4, 3.4, 3.3, 3.3, 3.3, 3.2, 3.2, 3.2, 3.2, 3.1, 3.2, 3.4, 3.7, 4.1, 4.6, 5.2, 5.6, 5.6, 5.4]",,
soil_temperature_6cm,38.90618,-119.98674,1.2379884719848633,0,UTC,UTC,1926.0,°C,"[6.6, 5.6, 4.3, 3.2, 2.4, 2.0, 1.8, 1.6, 1.5, 1.5, 1.4, 1.4, 1.3, 1.3, 1.3, 1.2, 1.2, 1.5, 1.9, 2.9, 4.1, 4.9, 4.7, 4.2, 3.6, 2.7, 2.1, 1.8, 1.6, 1.5, 1.5, 1.4, 1.4, 1.4, 1.4, 1.3, 1.3, 1.3, 1.3, 1.3, 1.2, 1.3, 1.5, 2.5, 3.7, 4.9, 5.6, 5.7, 5.4, 4.8, 4.0, 3.3, 2.7, 2.3, 2.0, 1.8, 1.7, 1.6, 1.5, 1.4, 1.4, 1.4, 1.3, 1.3, 1.3, 1.4, 2.5, 4.2, 5.7, 7.0, 7.6, 8.1, 7.9, 7.2, 6.2, 5.2, 4.5, 3.9, 3.3, 2.9, 2.5, 2.2, 2.1, 2.1, 2.0, 1.9, 1.7, 1.9, 2.4, 3.3, 4.2, 5.2, 6.2, 6.9, 7.2, 7.2, 6.9, 6.2, 5.2, 4.3, 3.7, 3.3, 3.0, 2.8, 2.7, 2.6, 2.5, 2.4, 2.4, 2.2, 2.0, 2.0, 2.5, 3.2, 3.7, 3.2, 4.2, 5.0, 5.7, 6.1, 6.2, 5.7, 4.8, 4.0, 3.5, 3.1, 2.8, 2.6, 2.4, 2.3, 2.1, 1.9, 1.7, 1.6, 1.5, 1.5, 1.7, 1.9, 2.3, 3.2, 4.2, 4.9, 5.1, 4.9, 4.6, 3.9, 3.1, 2.4, 2.0, 1.7, 1.6, 1.4, 1.4, 1.3, 1.3, 1.3, 1.2, 1.2, 1.1, 1.1, 1.2, 1.4, 1.7, 2.3, 3.0, 3.6, 4.0, 4.2]",,
soil_temperature_18cm,38.90618,-119.98674,1.2379884719848633,0,UTC,UTC,1926.0,°C,"[3.8, 4.0, 4.0, 4.0, 3.9, 3.7, 3.6, 3.4, 3.3, 3.1, 3.0, 2.9, 2.8, 2.7, 2.6, 2.5, 2.4, 2.4, 2.4, 2.4, 2.5, 2.7, 2.9, 3.0, 3.1, 3.1, 3.1, 3.0, 2.9, 2.8, 2.7, 2.6, 2.6, 2.5, 2.4, 2.4, 2.3, 2.3, 2.2, 2.2, 2.1, 2.1, 2.1, 2.1, 2.2, 2.4, 2.7, 3.0, 3.2, 3.3, 3.4, 3.4, 3.4, 3.3, 3.2, 3.1, 3.0, 2.9, 2.8, 2.7, 2.7, 2.6, 2.5, 2.4, 2.4, 2.3, 2.3, 2.4, 2.7, 3.0, 3.4, 3.7, 4.1, 4.3, 4.5, 4.6, 4.6, 4.5, 4.4, 4.3, 4.1, 4.0, 3.8, 3.7, 3.6, 3.4, 3.3, 3.2, 3.1, 3.1, 3.1, 3.3, 3.5, 3.8, 4.0, 4.3, 4.5, 4.6, 4.7, 4.7, 4.6, 4.5, 4.4, 4.2, 4.1, 4.0, 3.9, 3.8, 3.7, 3.6, 3.5, 3.4, 3.3, 3.3, 3.2, 2.6, 2.7, 2.9, 3.1, 3.3, 3.6, 3.8, 3.9, 4.0, 4.0, 3.9, 3.8, 3.7, 3.6, 3.5, 3.4, 3.2, 3.1, 3.0, 2.9, 2.8, 2.7, 2.7, 2.7, 2.7, 2.8, 3.0, 3.1, 3.3, 3.5, 3.5, 3.5, 3.5, 3.4, 3.3, 3.1, 3.0, 2.9, 2.8, 2.7, 2.6, 2.5, 2.5, 2.4, 2.3, 2.3, 2.2, 2.2, 2.2, 2.3, 2.4, 2.5, 2.7]",,
soil_temperature_54cm,38.90618,-119.98674,1.2379884719848633,0,UTC,UTC,1926.0,°C,"[3.4, 3.4, 3.4, 3.4, 3.5, 3.5, 3.5, 3.5, 3.5, 3.5, 3.5, 3.5, 3.5, 3.5, 3.5, 3.5, 3.5, 3.5, 3.5, 3.5, 3.5, 3.5, 3.5, 3.5, 3.5, 3.5, 3.5, 3.5, 3.5, 3.5, 3.5, 3.5, 3.5, 3.5, 3.5, 3.5, 3.5, 3.5, 3.5, 3.5, 3.5, 3.5, 3.5, 3.5, 3.4, 3.4, 3.4, 3.4, 3.4, 3.5, 3.5, 3.5, 3.5, 3.5, 3.5, 3.5, 3.5, 3.5, 3.5, 3.5, 3.5, 3.5, 3.5, 3.5, 3.5, 3.5, 3.5, 3.5, 3.5, 3.5, 3.5, 3.5, 3.5, 3.5, 3.5, 3.5, 3.5, 3.6, 3.6, 3.6, 3.6, 3.6, 3.6, 3.6, 3.6, 3.6, 3.7, 3.7, 3.7, 3.7, 3.7, 3.7, 3.7, 3.7, 3.7, 3.7, 3.7, 3.7, 3.8, 3.8, 3.8, 3.8, 3.8, 3.8, 3.8, 3.8, 3.8, 3.8, 3.8, 3.8, 3.8, 3.8, 3.8, 3.8, 3.8, 3.6, 3.6, 3.6, 3.6, 3.6, 3.6, 3.6, 3.7, 3.7, 3.7, 3.7, 3.7, 3.7, 3.7, 3.7, 3.7, 3.7, 3.7, 3.7, 3.7, 3.7, 3.7, 3.7, 3.7, 3.7, 3.7, 3.7, 3.7, 3.7, 3.7, 3.7, 3.7, 3.7, 3.7, 3.7, 3.7, 3.7, 3.7, 3.7, 3.7, 3.7, 3.7, 3.7, 3.7, 3.7, 3.7, 3.7, 3.7, 3.7, 3.6, 3.6, 3.6, 3.6]",,
soil_moisture_0_1cm,38.90618,-119.98674,1.2379884719848633,0,UTC,UTC,1926.0,m³/m³,"[0.316, 0.317, 0.318, 0.315, 0.314, 0.313, 0.312, 0.312, 0.311, 0.311, 0.31, 0.31, 0.309, 0.309, 0.309, 0.309, 0.313, 0.32, 0.328, 0.327, 0.327, 0.328, 0.345, 0.35, 0.35, 0.344, 0.334, 0.33, 0.327, 0.325, 0.323, 0.322, 0.321, 0.32, 0.319, 0.318, 0.317, 0.317, 0.316, 0.315, 0.315, 0.319, 0.326, 0.329, 0.329, 0.329, 0.327, 0.326, 0.323, 0.321, 0.325, 0.325, 0.325, 0.323, 0.321, 0.32, 0.319, 0.318, 0.317, 0.316, 0.316, 0.315, 0.315, 0.314, 0.314, 0.319, 0.324, 0.325, 0.325, 0.324, 0.323, 0.321, 0.319, 0.322, 0.326, 0.329, 0.33, 0.329, 0.328, 0.327, 0.325, 0.324, 0.323, 0.322, 0.321, 0.32, 0.318, 0.318, 0.32, 0.324, 0.327, 0.328, 0.328, 0.328, 0.327, 0.324, 0.323, 0.323, 0.324, 0.324, 0.323, 0.321, 0.32, 0.319, 0.318, 0.317, 0.317, 0.318, 0.319, 0.319, 0.319, 0.32, 0.324, 0.328, 0.332, 0.337, 0.338, 0.338, 0.336, 0.332, 0.33, 0.329, 0.328, 0.33, 0.335, 0.342, 0.347, 0.349, 0.35, 0.35, 0.348, 0.346, 0.343, 0.341, 0.339, 0.338, 0.34, 0.344, 0.346, 0.344, 0.341, 0.338, 0.336, 0.333, 0.331, 0.329, 0.326, 0.324, 0.323, 0.322, 0.321, 0.321, 0.32, 0.32, 0.32, 0.319, 0.319, 0.318, 0.318, 0.318, 0.32, 0.323, 0.326, 0.328, 0.329, 0.329, 0.327, 0.325]",,
soil_moisture_1_3cm,38.90618,-119.98674,1.2379884719848633,0,UTC,UTC,1926.0,m³/m³,"[0.317, 0.316, 0.319, 0.317, 0.315, 0.315, 0.314, 0.314, 0.313, 0.313, 0.312, 0.312, 0.312, 0.311, 0.311, 0.311, 0.311, 0.316, 0.324, 0.325, 0.325, 0.325, 0.338, 0.346, 0.347, 0.343, 0.336, 0.332, 0.329, 0.327, 0.325, 0.323, 0.322, 0.321, 0.32, 0.319, 0.319, 0.318, 0.317, 0.317, 0.316, 0.318, 0.323, 0.328, 0.328, 0.329, 0.328, 0.326, 0.324, 0.322, 0.324, 0.325, 0.325, 0.325, 0.323, 0.321, 0.32, 0.319, 0.318, 0.318, 0.317, 0.317, 0.316, 0.316, 0.315, 0.317, 0.322, 0.324, 0.325, 0.325, 0.324, 0.323, 0.32, 0.322, 0.325, 0.327, 0.328, 0.328, 0.328, 0.327, 0.325, 0.324, 0.323, 0.323, 0.322, 0.321, 0.32, 0.32, 0.322, 0.324, 0.326, 0.327, 0.328, 0.328, 0.327, 0.325, 0.324, 0.324, 0.324, 0.324, 0.324, 0.323, 0.322, 0.321, 0.32, 0.319, 0.319, 0.32, 0.32, 0.32, 0.32, 0.321, 0.324, 0.328, 0.331, 0.336, 0.338, 0.338, 0.337, 0.334, 0.332, 0.33, 0.329, 0.33, 0.333, 0.339, 0.343, 0.346, 0.348, 0.349, 0.348, 0.346, 0.344, 0.342, 0.341, 0.34, 0.342, 0.345, 0.346, 0.345, 0.342, 0.339, 0.337, 0.335, 0.333, 0.331, 0.328, 0.326, 0.325, 0.324, 0.323, 0.322, 0.322, 0.321, 0.321, 0.32, 0.32, 0.319, 0.319, 0.319, 0.32, 0.321, 0.323, 0.325, 0.326, 0.327, 0.326, 0.325]",,
soil_moisture_3_9cm,38.90618,-119.98674,1.2379884719848633,0,UTC,UTC,1926.0,m³/m³,"[0.322, 0.32, 0.32, 0.32, 0.319, 0.318, 0.318, 0.317, 0.316, 0.316, 0.315, 0.315, 0.314, 0.314, 0.313, 0.313, 0.313, 0.313, 0.317, 0.322, 0.325, 0.327, 0.329, 0.337, 0.342, 0.343, 0.34, 0.336, 0.333, 0.331, 0.329, 0.328, 0.326, 0.325, 0.324, 0.323, 0.323, 0.322, 0.321, 0.321, 0.32, 0.32, 0.321, 0.326, 0.329, 0.331, 0.331, 0.33, 0.329, 0.326, 0.326, 0.327, 0.327, 0.327, 0.327, 0.325, 0.324, 0.323, 0.323, 0.322, 0.321, 0.32, 0.32, 0.319, 0.319, 0.318, 0.321, 0.325, 0.327, 0.328, 0.328, 0.327, 0.325, 0.325, 0.326, 0.327, 0.328, 0.329, 0.33, 0.329, 0.328, 0.327, 0.327, 0.326, 0.326, 0.325, 0.324, 0.323, 0.324, 0.325, 0.327, 0.329, 0.33, 0.331, 0.331, 0.33, 0.329, 0.328, 0.328, 0.327, 0.327, 0.326, 0.326, 0.325, 0.324, 0.323, 0.323, 0.323, 0.323, 0.323, 0.322, 0.323, 0.325, 0.328, 0.33, 0.334, 0.338, 0.34, 0.34, 0.338, 0.336, 0.334, 0.333, 0.332, 0.332, 0.333, 0.335, 0.338, 0.343, 0.346, 0.347, 0.347, 0.346, 0.345, 0.344, 0.343, 0.344, 0.345, 0.346, 0.346, 0.346, 0.345, 0.343, 0.341, 0.339, 0.337, 0.334, 0.332, 0.33, 0.329, 0.328, 0.327, 0.327, 0.326, 0.325, 0.325, 0.324, 0.323, 0.322, 0.322, 0.322, 0.322, 0.323, 0.325, 0.327, 0.329, 0.329, 0.329]",,
soil_moisture_9_27cm,38.90618,-119.98674,1.2379884719848633,0,UTC,UTC,1926.0,m³/m³,"[0.327, 0.327, 0.327, 0.326, 0.326, 0.326, 0.325, 0.325, 0.325, 0.324, 0.324, 0.323, 0.323, 0.322, 0.322, 0.322, 0.321, 0.321, 0.321, 0.321, 0.322, 0.324, 0.326, 0.328, 0.33, 0.332, 0.334, 0.334, 0.335, 0.335, 0.335, 0.334, 0.334, 0.333, 0.333, 0.332, 0.332, 0.331, 0.331, 0.33, 0.329, 0.329, 0.329, 0.328, 0.329, 0.33, 0.332, 0.333, 0.334, 0.334, 0.334, 0.333, 0.333, 0.333, 0.333, 0.332, 0.332, 0.332, 0.331, 0.331, 0.33, 0.33, 0.329, 0.329, 0.328, 0.328, 0.327, 0.328, 0.328, 0.33, 0.331, 0.332, 0.333, 0.333, 0.332, 0.332, 0.332, 0.332, 0.332, 0.332, 0.332, 0.332, 0.332, 0.332, 0.332, 0.332, 0.331, 0.331, 0.331, 0.331, 0.331, 0.332, 0.333, 0.334, 0.335, 0.336, 0.337, 0.337, 0.336, 0.336, 0.336, 0.335, 0.335, 0.334, 0.334, 0.333, 0.333, 0.332, 0.332, 0.332, 0.331, 0.331, 0.331, 0.331, 0.331, 0.333, 0.334, 0.335, 0.336, 0.338, 0.339, 0.339, 0.339, 0.339, 0.339, 0.338, 0.338, 0.339, 0.34, 0.341, 0.342, 0.343, 0.344, 0.345, 0.346, 0.346, 0.346, 0.346, 0.346, 0.347, 0.348, 0.349, 0.35, 0.35, 0.35, 0.349, 0.348, 0.346, 0.345, 0.343, 0.342, 0.341, 0.34, 0.339, 0.338, 0.338, 0.337, 0.336, 0.335, 0.334, 0.333, 0.333, 0.333, 0.333, 0.333, 0.333, 0.334, 0.334]",,
soil_moisture_27_81cm,38.90618,-119.98674,1.2379884719848633,0,UTC,UTC,1926.0,m³/m³,"[0.321, 0.321, 0.321, 0.321, 0.322, 0.322, 0.322, 0.322, 0.322, 0.322, 0.322, 0.322, 0.322, 0.323, 0.323, 0.323, 0.323, 0.323, 0.323, 0.323, 0.323, 0.323, 0.323, 0.323, 0.324, 0.324, 0.324, 0.325, 0.325, 0.325, 0.325, 0.326, 0.326, 0.326, 0.326, 0.326, 0.327, 0.327, 0.327, 0.327, 0.327, 0.327, 0.328, 0.328, 0.328, 0.328, 0.328, 0.328, 0.329, 0.329, 0.329, 0.329, 0.33, 0.33, 0.33, 0.33, 0.33, 0.33, 0.331, 0.331, 0.331, 0.331, 0.331, 0.331, 0.331, 0.331, 0.331, 0.332, 0.332, 0.332, 0.332, 0.332, 0.332, 0.332, 0.333, 0.333, 0.333, 0.333, 0.333, 0.333, 0.334, 0.334, 0.334, 0.334, 0.334, 0.334, 0.334, 0.334, 0.334, 0.335, 0.335, 0.335, 0.335, 0.335, 0.335, 0.336, 0.336, 0.336, 0.337, 0.337, 0.337, 0.337, 0.337, 0.337, 0.338, 0.338, 0.338, 0.338, 0.338, 0.338, 0.338, 0.338, 0.338, 0.338, 0.338, 0.335, 0.336, 0.336, 0.336, 0.337, 0.337, 0.337, 0.338, 0.338, 0.338, 0.338, 0.338, 0.338, 0.339, 0.339, 0.339, 0.34, 0.34, 0.34, 0.341, 0.341, 0.341, 0.342, 0.342, 0.342, 0.343, 0.343, 0.344, 0.344, 0.345, 0.346, 0.346, 0.347, 0.347, 0.347, 0.347, 0.347, 0.348, 0.348, 0.348, 0.348, 0.348, 0.348, 0.348, 0.348, 0.348, 0.348, 0.348, 0.348, 0.348, 0.348, 0.348, 0.349]",,
temperature_2m_max,38.90618,-119.98674,1.2379884719848633,0,UTC,UTC,1926.0,,,°C,"[4.3, 2.7, 4.1, 5.0, 4.7, 4.6, 1.7]"
temperature_2m_min,38.90618,-119.98674,1.2379884719848633,0,UTC,UTC,1926.0,,,°C,"[-2.6, -3.2, -2.9, -1.0, -1.6, -1.7, -3.8]"
apparent_temperature_max,38.90618,-119.98674,1.2379884719848633,0,UTC,UTC,1926.0,,,°C,"[-0.7, -2.5, 1.8, 1.8, 0.8, 1.1, -0.4]"
apparent_temperature_min,38.90618,-119.98674,1.2379884719848633,0,UTC,UTC,1926.0,,,°C,"[-7.5, -8.4, -6.5, -4.4, -9.6, -5.2, -7.1]"
precipitation_sum,38.90618,-119.98674,1.2379884719848633,0,UTC,UTC,1926.0,,,mm,"[0.0, 17.4, 0.0, 0.0, 2.6, 21.4, 6.6]"
precipitation_hours,38.90618,-119.98674,1.2379884719848633,0,UTC,UTC,1926.0,,,h,"[0.0, 10.0, 0.0, 0.0, 10.0, 14.0, 12.0]"
sunrise,38.90618,-119.98674,1.2379884719848633,0,UTC,UTC,1926.0,,,iso8601,"['2024-02-14T14:52', '2024-02-15T14:51', '2024-02-16T14:49', '2024-02-17T14:48', '2024-02-18T14:47', '2024-02-19T14:46', '2024-02-20T14:44']"
sunset,38.90618,-119.98674,1.2379884719848633,0,UTC,UTC,1926.0,,,iso8601,"['2024-02-15T01:35', '2024-02-16T01:36', '2024-02-17T01:37', '2024-02-18T01:38', '2024-02-19T01:40', '2024-02-20T01:41', '2024-02-21T01:42']"
windspeed_10m_max,38.90618,-119.98674,1.2379884719848633,0,UTC,UTC,1926.0,,,km/h,"[36.7, 33.4, 8.5, 10.2, 42.8, 8.6, 6.2]"
windgusts_10m_max,38.90618,-119.98674,1.2379884719848633,0,UTC,UTC,1926.0,,,km/h,"[79.9, 76.7, 8.3, 49.0, 63.0, 56.2, 57.6]"
winddirection_10m_dominant,38.90618,-119.98674,1.2379884719848633,0,UTC,UTC,1926.0,,,°,"[208, 223, 263, 131, 223, 124, 141]"
shortwave_radiation_sum,38.90618,-119.98674,1.2379884719848633,0,UTC,UTC,1926.0,,,MJ/m²,"[11.66, 11.93, 10.35, 9.9, 14.85, 6.62, 13.19]"
